Name,IP,G,Pitches,SIERA,PIP,IPG
Zack Greinke,222.2,32,3239,3.27,14.5769576957696,6.94375
Jacob deGrom,168,25,2465,2.89,14.672619047619,6.72
Jake Arrieta,229,33,3438,2.75,15.0131004366812,6.93939393939394
Clayton Kershaw,198.1,27,2722,2.09,13.7405350832913,7.33703703703704
Clayton Kershaw,236,33,3428,2.99,14.5254237288136,7.15151515151515
Roger Clemens,211.1,32,3203,3.47,15.1729038370441,6.596875
Chris Sale,146,23,2292,2.26,15.6986301369863,6.34782608695652
Blake Snell,139,24,2246,3.54,16.158273381295,5.79166666666667
Max Scherzer,174.2,26,2764,2.71,15.8668197474168,6.7
Clayton Kershaw,232.2,33,3392,2.24,14.6080964685616,7.03636363636364
Felix Hernandez,236,34,3434,2.5,14.5508474576271,6.94117647058824
Kyle Hendricks,188,30,2856,3.68,15.1914893617021,6.26666666666667
Zack Greinke,229.1,33,3477,3.04,15.176778699258,6.94242424242424
Chris Sale,174,26,2753,2.56,15.8218390804598,6.69230769230769
Jose Fernandez,172.2,28,2609,3.15,15.150987224158,6.15
Pedro Martinez,186.2,29,2831,2.96,15.2040816326531,6.42068965517241
Trevor Bauer,166,25,2708,3.18,16.3132530120482,6.64
Aaron Nola,161,25,2449,3.54,15.2111801242236,6.44
Chris Carpenter,192.2,28,2670,3.43,13.891779396462,6.86428571428571
Johnny Cueto,243.2,34,3659,3.15,15.0452302631579,7.15294117647059
Corey Kluber,203.2,29,2945,2.68,14.4931102362205,7.00689655172414
Pedro Martinez,199.1,30,3096,2.43,15.5499748869915,6.63666666666667
Matt Harvey,178.1,26,2697,2.63,15.1431779898933,6.85
Felix Hernandez,249.2,34,3731,3.18,14.9719101123596,7.32941176470588
Jake Peavy,166.1,27,2683,3.48,16.1529199277544,6.15185185185185
Clayton Kershaw,233.1,33,3469,2.8,14.8820248820249,7.06363636363636
Josh Johnson,183.2,28,2988,3.08,16.3100436681223,6.54285714285714
Clayton Kershaw,175,27,2521,3.04,14.4057142857143,6.48148148148148
Randy Johnson,260,35,3993,2.4,15.3576923076923,7.42857142857143
Clay Buchholz,173.2,28,2810,4.27,16.2240184757506,6.18571428571429
Jason Schmidt,207.2,29,3099,3.17,14.9565637065637,7.1448275862069
Roy Halladay,233.2,32,3468,2.78,14.8713550600343,7.2875
Adam Wainwright,227,32,3258,3.52,14.352422907489,7.09375
Andy Pettitte,222.1,33,3191,3.34,14.3674020711391,6.73030303030303
Kevin Brown,211,32,3102,2.94,14.7014218009479,6.59375
Cliff Lee,232.2,32,3403,2.71,14.6554694229113,7.25625
Justin Verlander,251,34,3941,2.98,15.7011952191235,7.38235294117647
Jered Weaver,235.2,33,3746,3.66,15.9268707482993,7.12727272727273
Doug Fister,164,25,2468,3.93,15.0487804878049,6.56
Adam Wainwright,230.1,33,3356,3.11,14.5849630595393,6.97272727272727
Mark Prior,211.1,30,3399,2.82,16.1013737565135,7.03666666666667
Roy Halladay,250.2,33,3568,2.88,14.2605915267786,7.58181818181818
Jon Lester,202.2,32,3161,3.61,15.6330365974283,6.31875
Corey Kluber,235.2,34,3500,2.61,14.8809523809524,6.91764705882353
David Price,220.1,32,3388,3.27,15.3930031803726,6.878125
Jon Lester,219.2,32,3493,3.09,15.9352189781022,6.85
Cole Hamels,204.2,30,3136,3.29,15.3574926542605,6.80666666666667
Tim Lincecum,225.1,32,3439,2.91,15.277654375833,7.034375
Dallas Keuchel,232,33,3492,2.84,15.051724137931,7.03030303030303
Felix Hernandez,238.2,34,3632,3.44,15.247691015953,7.00588235294118
Max Scherzer,200.2,31,3111,2.98,15.5394605394605,6.45806451612903
Stephen Strasburg,175.1,28,2742,3.37,15.65962307253,6.25357142857143
Clayton Kershaw,227.2,33,3469,3.31,15.268485915493,6.88484848484849
Johan Santana,234.1,34,3598,3.69,15.3695002135839,6.88529411764706
Jake Peavy,223.1,34,3610,3.3,16.1810847153743,6.56176470588235
Cliff Lee,223.1,31,3289,3.6,14.7422680412371,7.19677419354839
Jacob deGrom,191,30,2976,2.99,15.5811518324607,6.36666666666667
David Price,211,31,3332,3.23,15.7914691943128,6.80645161290323
Anibal Sanchez,182,29,2974,3.03,16.3406593406593,6.27586206896552
Derek Lowe,219.2,32,3076,3.18,14.0328467153285,6.85
Jair Jurrjens,215,34,3305,4.43,15.3720930232558,6.32352941176471
Gerrit Cole,208,32,3238,3.23,15.5673076923077,6.5
Randy Johnson,245.2,35,3633,2.61,14.8164763458401,7.00571428571429
Johan Santana,228,34,3423,2.8,15.0131578947368,6.70588235294118
Noah Syndergaard,182.2,30,2918,2.97,16.0153677277717,6.07333333333333
Garrett Richards,168.2,26,2627,3.2,15.6183115338882,6.46923076923077
Greg Maddux,199.1,34,2679,3.75,13.455549974887,5.85588235294118
Tim Lincecum,223,33,3598,3.13,16.1345291479821,6.75757575757576
Adam Wainwright,233,34,3614,3.47,15.5107296137339,6.85294117647059
Dontrelle Willis,236.1,34,3556,3.85,15.0614146548073,6.94411764705882
Zack Greinke,177.2,28,2814,3.6,15.8803611738149,6.32857142857143
Justin Verlander,238.1,33,3768,3.33,15.8252834943301,7.21515151515152
Henderson Alvarez,187,30,2611,3.7,13.9625668449198,6.23333333333333
Bartolo Colon,190.1,30,2777,4.1,14.608100999474,6.33666666666667
Justin Verlander,169.2,27,2727,2.75,16.1170212765957,6.26666666666667
Jordan Zimmermann,199.2,32,2924,3.15,14.6787148594378,6.225
Hisashi Iwakuma,219.2,33,3102,3.33,14.1514598540146,6.64242424242424
R.A. Dickey,232.2,33,3344,3.24,14.4013781223084,7.03636363636364
Ben Sheets,237,34,3580,2.7,15.1054852320675,6.97058823529412
Tim Hudson,240,34,3494,3.64,14.5583333333333,7.05882352941176
Jaime Garcia,163.1,28,2609,3.79,15.9963212752912,5.825
CC Sabathia,253,35,3814,3.15,15.0750988142292,7.22857142857143
Matt Harvey,189.1,29,2798,3.23,14.7964040190375,6.52068965517241
Zack Greinke,202.1,32,3210,2.87,15.8832261256804,6.315625
Mike Foltynewicz,139,24,2393,3.68,17.2158273381295,5.79166666666667
Sonny Gray,208,31,3078,3.8,14.7980769230769,6.70967741935484
David Price,207.2,31,3342,3.84,16.1293436293436,6.68387096774194
Gerrit Cole,164.2,26,2664,2.87,16.2241169305725,6.31538461538462
Roy Oswalt,210.2,32,3177,3.34,15.1141769743102,6.56875
Corey Kluber,174.1,26,2529,3.33,14.5261344055141,6.69615384615385
Tim Lincecum,217,33,3606,3.45,16.6175115207373,6.57575757575758
Madison Bumgarner,226.2,34,3571,3.36,15.7869142351901,6.65294117647059
Lance Lynn,203.2,33,3450,3.84,16.9783464566929,6.15757575757576
Cole Hamels,213,31,3092,3.02,14.5164319248826,6.87096774193548
Barry Zito,229.1,35,3702,4.13,16.1588825840244,6.54571428571429
Carlos Zambrano,209.2,31,3467,3.93,16.5726577437859,6.74838709677419
John Lackey,218,33,3127,3.9,14.3440366972477,6.60606060606061
Madison Bumgarner,201.1,31,3204,3.33,15.9323719542516,6.48709677419355
Johan Santana,233.2,34,3450,3.13,14.7941680960549,6.85882352941176
Ryan Vogelsong,175,28,2867,3.99,16.3828571428571,6.25
Johnny Cueto,217,33,3449,3.73,15.8940092165899,6.57575757575758
Charlie Morton,142.1,24,2286,3.44,16.0872624912034,5.92083333333333
Johnny Cueto,219.2,32,3299,3.59,15.0501824817518,6.85
Roy Halladay,239,32,3394,3.12,14.2008368200837,7.46875
Matt Cain,219.1,32,3345,3.69,15.2670013692378,6.846875
Max Scherzer,228.2,33,3359,2.63,14.7195442594216,6.91515151515152
Miles Mikolas,157.1,25,2318,4.01,14.7549331635901,6.284
Tyson Ross,195.2,31,3119,3.21,15.9784836065574,6.29677419354839
Roy Halladay,243.2,33,3537,3.14,14.5435855263158,7.36969696969697
Jered Weaver,188.2,30,2859,4.09,15.1912858660999,6.27333333333333
James Shields,249.1,33,3576,3.28,14.3556804496186,7.54848484848485
Pedro Martinez,217,31,3044,3.21,14.0276497695853,7
Clayton Kershaw,169,30,2991,3.99,17.698224852071,5.63333333333333
Chris Carpenter,241.2,33,3395,3.02,14.075456053068,7.30909090909091
Yu Darvish,209.2,32,3451,2.76,16.4961759082218,6.5375
Tim Hudson,228.2,34,3339,3.72,14.6319018404908,6.71176470588235
Jake Peavy,173.2,27,2860,3.68,16.5127020785219,6.41481481481481
Tanner Roark,198.2,31,2999,3.93,15.1311806256307,6.39354838709677
Brandon Webb,179.2,28,2812,3.15,15.6919642857143,6.4
R.A. Dickey,173.1,26,2594,3.88,14.9855574812247,6.65769230769231
Kyle Lohse,211,33,3127,4.13,14.8199052132701,6.39393939393939
Kevin Millwood,192,30,2964,3.88,15.4375,6.4
Tanner Roark,207.2,33,3330,4.33,16.0714285714286,6.27878787878788
Jose Fernandez,182.1,29,2940,2.81,16.1449752883031,6.27931034482759
Alex Cobb,166.1,27,2611,3.26,15.7194461167971,6.15185185185185
Doug Fister,213.1,31,3156,3.66,14.8099483810418,6.8741935483871
Cliff Lee,222.2,31,3253,2.83,14.6399639963996,7.16774193548387
Javier Vazquez,219.1,32,3315,2.86,15.1300775901415,6.846875
Johan Santana,231.2,33,3335,2.95,14.4247404844291,7.00606060606061
Ian Kennedy,222,33,3424,3.44,15.4234234234234,6.72727272727273
Jake Peavy,203,30,3157,2.96,15.551724137931,6.76666666666667
Ubaldo Jimenez,221.2,33,3600,3.66,16.2748643761302,6.7030303030303
Matt Cain,221.2,33,3488,3.77,15.7685352622061,6.7030303030303
Robbie Ray,162,28,2715,3.53,16.7592592592593,5.78571428571429
Gio Gonzalez,199.1,32,3198,3.56,16.0622802611753,6.221875
Josh Beckett,193,30,2994,3.42,15.5129533678756,6.43333333333333
Julio Teheran,221,33,3271,3.68,14.8009049773756,6.6969696969697
Matt Cain,217.2,33,3362,4.19,15.4788213627993,6.58181818181818
Max Scherzer,214.1,32,3388,2.91,15.8243811303129,6.690625
Chris Sale,214.1,32,3428,2.58,16.0112097150864,6.690625
Daisuke Matsuzaka,167.2,29,2904,4.57,17.3684210526316,5.76551724137931
Esteban Loaiza,226.1,34,3503,3.39,15.4931446262716,6.65
Clayton Kershaw,204.1,32,3390,3.54,16.609505144537,6.378125
Ricky Romero,225,32,3374,3.77,14.9955555555556,7.03125
Mat Latos,184.2,31,2965,3.14,16.0966340933768,5.94193548387097
Dallas Keuchel,200,29,3020,3.11,15.1,6.89655172413793
Madison Bumgarner,218.1,32,3312,3,15.1856946354883,6.815625
Bartolo Colon,233.1,33,3553,4.26,15.2423852423852,7.06363636363636
Roy Halladay,239.1,34,3509,3.36,14.6758678377248,7.03235294117647
C.J. Wilson,223.1,34,3592,3.44,16.1004034065442,6.56176470588235
Roy Oswalt,241.2,35,3600,3.55,14.9253731343284,6.89142857142857
Adam Wainwright,241.2,34,3533,2.94,14.6475953565506,7.09411764705882
Jordan Zimmermann,195.2,32,3089,3.87,15.8247950819672,6.1
Curt Schilling,168,24,2452,2.67,14.5952380952381,7
Roy Oswalt,219.2,32,3244,3.75,14.7992700729927,6.85
Jeremy Hellickson,189,29,2954,4.77,15.6296296296296,6.51724137931035
Gio Gonzalez,201,32,3364,4.41,16.7363184079602,6.28125
Max Scherzer,228.1,34,3563,3.05,15.6203419552828,6.70882352941177
Kyle Freeland,152,25,2473,4.4,16.2697368421053,6.08
Ryan Dempster,206.2,33,3341,3.8,16.2027158098933,6.24848484848485
Tom Glavine,224.2,36,3597,4.77,16.0437109723461,6.22777777777778
Trevor Cahill,196.2,30,3038,4.13,15.4841997961264,6.54
Luis Severino,193.1,31,3082,3.25,15.9606421543242,6.22903225806452
Roger Clemens,214.1,33,3431,3.57,16.0252218589444,6.48787878787879
Madison Bumgarner,217.1,33,3372,2.98,15.5320128972824,6.57878787878788
Tim Hudson,238.1,34,3455,3.73,14.5107097858043,7.00294117647059
Oliver Perez,196,30,3134,3.34,15.9897959183673,6.53333333333333
Johan Santana,199,29,3004,4.19,15.0954773869347,6.86206896551724
Jeff Samardzija,219.2,33,3339,3.06,15.2326642335766,6.64242424242424
Carl Pavano,222.1,31,3155,4.21,14.2053129221072,7.16451612903226
Odalis Perez,222.1,32,3027,3.64,13.6289959477713,6.940625
CC Sabathia,237.1,33,3604,3.13,15.2003374103754,7.18484848484848
Stephen Strasburg,183,30,2851,3.09,15.5792349726776,6.1
Aaron Sanchez,192,30,2919,4.01,15.203125,6.4
Hyun-Jin Ryu,192,30,3070,3.6,15.9895833333333,6.4
Brandon Webb,236.1,34,3437,3.4,14.5573909360441,6.94411764705882
Jered Weaver,224.1,34,3713,3.13,16.5684962070504,6.59117647058824
John Lackey,224,33,3396,3.88,15.1607142857143,6.78787878787879
Wandy Rodriguez,205.2,33,3367,3.6,16.4083820662768,6.21818181818182
Shelby Miller,205.1,33,3247,4.16,15.8313018039981,6.21515151515152
Roy Oswalt,232,34,3409,3.41,14.6939655172414,6.82352941176471
Lance Lynn,175.1,31,3053,4,17.4357509994289,5.64838709677419
Brad Penny,208,33,3227,4.53,15.5144230769231,6.3030303030303
Elmer Dessens,178,30,2700,4.46,15.1685393258427,5.93333333333333
Felix Hernandez,204.1,31,3175,2.77,15.5560999510044,6.58387096774194
Carlos Martinez,174.2,29,2752,3.34,15.7979334098737,6.00689655172414
Carlos Martinez,195.1,31,3028,3.97,15.5202460276781,6.29354838709677
Andrew Cashner,165.2,26,2522,3.7,15.2663438256659,6.35384615384615
Justin Verlander,227.2,34,3668,3.42,16.1443661971831,6.68235294117647
Randy Wells,165.1,27,2543,4.33,15.4027861901878,6.11481481481482
Cole Hamels,215.1,31,3316,3.29,15.4160855416086,6.93870967741935
Zack Greinke,162,26,2528,3.41,15.6049382716049,6.23076923076923
Roberto Hernandez,215,32,3137,3.69,14.5906976744186,6.71875
John Smoltz,229.2,33,3298,3.71,14.3891797556719,6.94545454545455
Cole Hamels,208.2,33,3368,3.24,16.1767531219981,6.30909090909091
Chris Sale,191,29,2993,3.31,15.6701570680628,6.58620689655172
Shelby Miller,173.1,31,2968,3.61,17.1461582900058,5.58387096774194
Felix Hernandez,232,33,3420,3.28,14.7413793103448,7.03030303030303
Masahiro Tanaka,199.2,31,2935,3.79,14.7339357429719,6.4258064516129
Chris Sale,214.1,30,3248,2.89,15.1704810836058,7.13666666666667
Edinson Volquez,190.2,31,2949,4.23,15.5047318611987,6.13548387096774
Dan Haren,222.2,34,3635,3.79,16.3591359135914,6.53529411764706
Hiroki Kuroda,202,32,3202,3.65,15.8514851485149,6.3125
Jonathan Sanchez,193,33,3228,3.82,16.7253886010363,5.84848484848485
Sonny Gray,219,33,3295,3.56,15.0456621004566,6.63636363636364
Ben Sheets,198.1,31,3054,3.88,15.4164563351843,6.39032258064516
Chris Carpenter,221.2,32,3256,3.44,14.7197106690778,6.9125
Cole Hamels,227.1,33,3427,3.63,15.0902686041391,6.88181818181818
Marcus Stroman,201,33,3143,3.85,15.636815920398,6.09090909090909
Hideo Nomo,218.1,33,3269,4.44,14.9885373681797,6.60909090909091
Scott Kazmir,183,31,2941,4.1,16.0710382513661,5.90322580645161
Jake Arrieta,197.1,31,3124,3.94,15.8498224251649,6.35806451612903
Jeremy Hellickson,177,31,2994,4.51,16.9152542372881,5.70967741935484
Ted Lilly,177,27,2671,3.78,15.090395480226,6.55555555555556
Brandon Webb,235,33,3333,2.99,14.1829787234043,7.12121212121212
Travis Wood,200,32,3090,4.43,15.45,6.25
John Smoltz,205.2,32,3062,3.43,14.9220272904483,6.4125
Kris Medlen,194,31,3002,3.69,15.4742268041237,6.25806451612903
Carlos Zambrano,214,32,3404,4.11,15.9065420560748,6.6875
Mark Buehrle,236.2,33,3477,3.95,14.7205757832345,7.15757575757576
Gio Gonzalez,202,32,3407,3.77,16.8663366336634,6.3125
Chris Young,173,30,2884,4.21,16.6705202312139,5.76666666666667
A.J. Burnett,201.2,29,3189,3.79,15.8499005964215,6.93793103448276
John Patterson,198.1,31,3179,3.8,16.0474507824331,6.39032258064516
Johan Santana,166.2,25,2575,3.9,15.4933814681107,6.648
Mark Mulder,186.2,26,2619,3.56,14.0655209452202,7.16153846153846
Curt Schilling,258.1,35,3706,2.17,14.3587756683456,7.37428571428571
Brett Myers,223.2,33,3457,3.77,15.4883512544803,6.76363636363636
Stephen Strasburg,215,34,3295,2.64,15.3255813953488,6.32352941176471
Corey Kluber,215,32,3189,3.5,14.8325581395349,6.71875
Dan Haren,229.1,33,3460,3.06,15.1025752946312,6.94242424242424
Matt Cain,223.1,33,3501,3.92,15.6925145674585,6.76060606060606
Max Scherzer,220.1,33,3638,2.98,16.5288505224898,6.66969696969697
Jarrod Washburn,206,32,3350,4.51,16.2621359223301,6.4375
Tomo Ohka,191.2,31,2836,4.13,14.8326359832636,6.16774193548387
Rick Porcello,223,33,3410,3.78,15.2914798206278,6.75757575757576
James Shields,228.2,34,3657,3.77,16.0254163014899,6.71176470588235
Cliff Lee,211,30,3099,3.07,14.6872037914692,7.03333333333333
Mat Latos,210.2,32,3239,3.59,15.4091341579448,6.56875
Chad Billingsley,196.1,32,3250,3.66,16.5731769505354,6.128125
Erik Bedard,182,28,2946,2.92,16.1868131868132,6.5
Patrick Corbin,161.2,26,2529,2.9,15.6885856079404,6.2
Cliff Lee,212.1,28,2980,3.08,14.0499764262141,7.575
Jordan Zimmermann,161.1,26,2464,3.69,15.2948479205462,6.19615384615385
CC Sabathia,237.2,34,3587,3.68,15.1222596964587,6.97647058823529
A.J. Burnett,164,26,2500,3.65,15.2439024390244,6.30769230769231
J.A. Happ,195,32,3033,4.28,15.5538461538462,6.09375
Dan Haren,237.1,34,3761,3.34,15.8625052720371,6.97352941176471
Roy Oswalt,211.2,32,3300,4.05,15.625,6.6
Roy Halladay,220,32,3047,3.62,13.85,6.875
Jarrod Washburn,177.1,29,2711,4.79,15.3077357425184,6.10689655172414
Kerry Wood,211,32,3542,3.31,16.7867298578199,6.59375
Julio Teheran,185.2,30,2885,3.55,15.5777537796976,6.17333333333333
Jason Schmidt,225,32,3606,3.28,16.0266666666667,7.03125
Livan Hernandez,233.1,33,3571,3.84,15.3196053196053,7.06363636363636
Jose Quintana,208,32,3282,4.01,15.7788461538462,6.5
Zack Greinke,202.1,32,3163,3.48,15.6506679861455,6.315625
Randy Wolf,210.2,31,3207,3.84,15.2568981921979,6.78064516129032
Julio Teheran,188,30,2971,3.93,15.8031914893617,6.26666666666667
Jon Lester,210.1,33,3309,4.15,15.7496430271299,6.36666666666667
Madison Bumgarner,204.2,33,3202,3.17,15.6807051909892,6.18787878787879
Mike Minor,204.2,32,3126,3.56,15.3085210577865,6.38125
Mike Fiers,137.1,24,2122,4.26,15.4777534646244,5.7125
James Shields,227,34,3632,3.59,16,6.67647058823529
CC Sabathia,241,34,3581,3.44,14.8589211618257,7.08823529411765
Al Leiter,173.2,30,3246,5.34,18.7413394919169,5.77333333333333
Chris Carpenter,235,35,3549,3.71,15.1021276595745,6.71428571428571
CC Sabathia,192.2,28,2931,3.67,15.2497398543184,6.86428571428571
Justin Masterson,215,33,3440,3.67,16,6.51515151515152
Tim Hudson,215,33,3204,3.43,14.9023255813953,6.51515151515152
Cliff Lee,231.2,34,3533,3.77,15.2811418685121,6.8
Kirk Rueter,203.2,33,3269,5,16.0875984251969,6.15757575757576
Yordano Ventura,181.1,30,2959,3.9,16.3390392048592,6.03666666666667
Chris Archer,212,34,3449,3.08,16.2688679245283,6.23529411764706
Gio Gonzalez,200.2,33,3370,4.16,16.8331668331668,6.06666666666667
Josh Johnson,209,33,3284,3.45,15.7129186602871,6.33333333333333
Randy Wolf,214.1,34,3286,4.1,15.3479682391406,6.29705882352941
Javier Vazquez,230.2,34,3734,3.21,16.2206776715899,6.77058823529412
Ervin Santana,211,32,3199,3.77,15.1611374407583,6.59375
Derek Lowe,211,34,3137,3.37,14.8672985781991,6.20588235294118
Edinson Volquez,194.1,32,3347,3.84,17.2436888201958,6.065625
Jon Lester,208,32,3357,3.23,16.1394230769231,6.5
Roy Halladay,266,36,3627,2.93,13.6353383458647,7.38888888888889
Jordan Zimmermann,213.1,32,3083,3.6,14.4673862036603,6.659375
Jake Arrieta,138.1,24,2153,4.31,15.5901520637219,5.75416666666667
Kevin Millwood,213,34,3276,3.72,15.3802816901408,6.26470588235294
Mike Clevinger,157.2,25,2547,4.01,16.2022900763359,6.288
Odalis Perez,196.1,31,2820,4.03,14.3804181540031,6.3258064516129
Curt Schilling,226.2,32,3410,3.39,15.0751547303271,7.06875
Tyson Ross,196,33,3229,3.35,16.4744897959184,5.93939393939394
David Price,248.1,34,3730,2.72,15.0342603788795,7.29705882352941
Carlos Zambrano,223.1,33,3562,3.71,15.9659345584939,6.76060606060606
Jamie Moyer,215,33,3447,4.72,16.0325581395349,6.51515151515152
Josh Beckett,200.2,30,3100,3.29,15.4845154845155,6.67333333333333
Marco Estrada,170.1,28,2750,4.73,16.1669606114051,6.075
Luis Severino,159.1,26,2595,3.29,16.3104965430547,6.11923076923077
Vicente Padilla,206,32,3042,3.92,14.7669902912621,6.4375
Ervin Santana,211.1,33,3235,4.6,15.3244907626717,6.3969696969697
Wade Miller,164.2,26,2571,3.85,15.6577344701583,6.31538461538462
Kip Wells,197.1,31,3201,4.24,16.2404870624049,6.35806451612903
Jaret Wright,186.1,32,2984,4.1,16.0343901128426,5.815625
Carlos Carrasco,200,32,3058,3.35,15.29,6.25
Matt Harrison,213.1,32,3247,4.35,15.2369779446269,6.659375
Bronson Arroyo,240.2,35,3852,4.23,16.0366361365529,6.86285714285714
R.A. Dickey,207.2,32,3116,4.01,15.03861003861,6.475
Brandon Webb,226.2,34,3358,3.22,14.8452696728559,6.65294117647059
A.J. Burnett,191,30,3021,3.03,15.8167539267016,6.36666666666667
Ubaldo Jimenez,182.2,32,3163,3.67,17.3600439077936,5.69375
Barry Zito,231.2,35,3752,4.81,16.2283737024221,6.60571428571429
Hiroki Kuroda,201.1,32,3202,3.72,15.9224266534063,6.284375
Jamie Moyer,230.2,34,3447,4.22,14.9739357080799,6.77058823529412
Drew Pomeranz,173.2,32,3080,4.31,17.7829099307159,5.4125
Matt Garza,198,31,3192,3.31,16.1212121212121,6.38709677419355
Hiroki Kuroda,219.2,33,3330,3.73,15.1916058394161,6.64242424242424
Cole Hamels,200.2,32,3253,3.99,16.2487512487513,6.25625
Brandon McCarthy,170.2,25,2499,3.48,14.6827262044653,6.808
John Danks,195,33,3144,3.92,16.1230769230769,5.90909090909091
Jose Quintana,200.1,32,3346,3.5,16.7216391804098,6.253125
David Price,186.2,27,2707,3.36,14.5381310418904,6.8962962962963
Chris Archer,194.2,32,3160,3.8,16.2718846549949,6.06875
Johan Santana,219,33,3345,3.17,15.2739726027397,6.63636363636364
Tim Hudson,224.1,34,3165,3.73,14.1231593038822,6.59117647058824
Tommy Hanson,202.2,34,3272,3.72,16.1819980217606,5.94705882352941
Dan Haren,216,33,3339,3.2,15.4583333333333,6.54545454545455
Chris Sale,226.2,32,3431,3.43,15.1679929266136,7.06875
Jon Lester,205,32,3185,3.19,15.5365853658537,6.40625
Wade Miley,186,29,2869,3.85,15.4247311827957,6.41379310344828
Wei-Yin Chen,191.1,31,3010,3.97,15.7509157509158,6.16451612903226
Chris Tillman,207.1,34,3411,4.26,16.4703042008691,6.09117647058824
John Lackey,188.1,29,2853,3.83,15.1674641148325,6.48620689655172
Jake Odorizzi,169.1,28,2755,3.9,16.2921348314607,6.03928571428571
Drew Pomeranz,169.1,30,2820,3.82,16.6765227675931,5.63666666666667
Carlos Carrasco,142.1,23,2181,3.17,15.3483462350457,6.17826086956522
Kyle Lohse,198.2,32,3013,4.16,15.2018163471241,6.19375
C.J. Wilson,204,33,3441,4.17,16.8676470588235,6.18181818181818
Gio Gonzalez,195.2,32,3315,3.68,16.9825819672131,6.1
Jose Quintana,206.1,32,3373,3.62,16.3658418243571,6.440625
Justin Verlander,206,33,3531,4.05,17.1407766990291,6.24242424242424
CC Sabathia,230,34,3587,3.79,15.595652173913,6.76470588235294
Steve Trachsel,173.2,30,2853,4.69,16.472286374134,5.77333333333333
Ryan Vogelsong,189.2,31,3056,4.09,16.1522198731501,6.10322580645161
Mike Leake,192.1,31,2911,4.1,15.1535658511192,6.19677419354839
Mike Mussina,200.1,34,3135,3.54,15.6671664167916,5.88529411764706
Madison Bumgarner,208.1,32,3269,3.46,15.708793849111,6.503125
Jake Peavy,219,32,3486,3.71,15.9178082191781,6.84375
Justin Verlander,224.1,33,3746,3.46,16.7157518964748,6.79090909090909
Michael Wacha,181.1,30,2937,4.02,16.2175593594699,6.03666666666667
CC Sabathia,200,28,3028,3.25,15.14,7.14285714285714
Ervin Santana,181.1,30,2931,4.29,16.1844284925456,6.03666666666667
Francisco Liriano,186.2,31,2983,3.38,16.0204081632653,6.00645161290323
Josh Beckett,178.2,29,2806,3.59,15.7463524130191,6.1448275862069
Ryan Dempster,173,28,2748,3.84,15.8843930635838,6.17857142857143
Francisco Liriano,162.1,29,2714,3.61,16.7427513880321,5.58965517241379
Ervin Santana,228.2,33,3453,3.94,15.1314636283961,6.91515151515152
Doug Davis,207.1,34,3406,4.26,16.4461612747465,6.09117647058824
Mark Buehrle,202,32,3082,4.32,15.2574257425743,6.3125
Cole Hamels,183.1,28,2791,3.43,15.2430365920262,6.53928571428571
Hideo Nomo,220.1,34,3468,4.21,15.7564743298501,6.47352941176471
C.J. Wilson,212.1,33,3651,4.01,17.2135785007072,6.42727272727273
Hiroki Kuroda,196.1,31,3028,3.51,15.4411014788373,6.3258064516129
Kyle Lohse,188.1,30,2804,4.25,14.9069643806486,6.27
Mike Mussina,214.2,31,3238,3.31,15.1167133520075,6.90967741935484
Andrew Cashner,166.2,28,2636,5.52,15.8604091456077,5.93571428571429
Kelvim Escobar,195.2,30,3041,4.16,15.578893442623,6.50666666666667
Jon Niese,190.1,30,3029,3.78,15.933719095213,6.33666666666667
Jon Niese,187.2,30,2792,3.78,14.9145299145299,6.24
Carlos Zambrano,214,33,3626,4.39,16.9439252336449,6.48484848484848
Chris Sale,208.2,31,3323,2.52,15.9606147934678,6.71612903225806
Jon Lester,203.1,32,3404,3.15,16.7602166420483,6.346875
Joe Saunders,198,31,3004,4.71,15.1717171717172,6.38709677419355
Patrick Corbin,208.1,32,3082,3.56,14.8101874098991,6.503125
Yovani Gallardo,184.1,33,3226,4.59,17.5230852797393,5.57878787878788
Rick Porcello,202.2,31,3019,3.84,14.9307616221563,6.52258064516129
Derek Holland,213,33,3281,3.74,15.4037558685446,6.45454545454545
Matt Morris,210.1,32,3208,3.67,15.2689195621133,6.565625
Lance Lynn,186.1,33,3151,4.85,16.931757119828,5.63939393939394
Matt Harrison,183.2,30,2990,4.08,16.32096069869,6.10666666666667
Tim Lincecum,212.1,33,3437,3.19,16.2046204620462,6.42727272727273
Jeremy Guthrie,165,26,2489,4.31,15.0848484848485,6.34615384615385
Alfredo Simon,196.1,32,3014,4.17,15.3697093319735,6.128125
Johnny Cueto,212,32,3268,3.81,15.4150943396226,6.625
Carlos Silva,188.1,27,2294,4.24,12.1956406166932,6.96666666666667
John Lackey,209,33,3489,3.6,16.6937799043062,6.33333333333333
A.J. Burnett,209,32,3296,3.33,15.7703349282297,6.53125
Scott Baker,172.1,28,2694,3.96,15.6536897152818,6.14642857142857
Jason Schmidt,185.1,29,3032,3.5,16.3803349540789,6.38275862068966
Justin Verlander,240,35,3937,3.06,16.4041666666667,6.85714285714286
Chris Carpenter,237.1,34,3613,3.49,15.2382960776044,6.97352941176471
Bartolo Colon,190.1,33,2833,4.38,14.9026827985271,5.76060606060606
Felix Hernandez,200.2,31,3199,3.93,15.979020979021,6.45806451612903
Danny Salazar,185,30,3048,3.39,16.4756756756757,6.16666666666667
Kenny Rogers,195.1,30,3013,4.81,15.4433623782676,6.50333333333333
Chris Carpenter,182,28,2695,3.45,14.8076923076923,6.5
Justin Verlander,218.1,34,3692,3.61,16.9280146721687,6.41470588235294
Chris Young,179.1,31,3028,4.44,16.9067560022334,5.77741935483871
Jon Garland,200,33,3253,4.44,16.265,6.06060606060606
Jhoulys Chacin,197.1,31,2962,4.27,15.0279046169457,6.35806451612903
Felix Hernandez,233.2,33,3609,3.21,15.4759862778731,7.06666666666667
Ubaldo Jimenez,218,33,3570,3.76,16.3761467889908,6.60606060606061
Zack Greinke,202.1,32,3227,3.69,15.9673428995547,6.315625
Mark Mulder,207.1,30,3013,3.67,14.5485272815065,6.90333333333333
Mat Latos,194.1,31,3149,3.47,16.2235960844925,6.26129032258064
Jarrod Parker,181.1,29,2830,4.22,15.6267255659856,6.2448275862069
Miguel Batista,181.1,29,2705,3.97,14.9364991717283,6.2448275862069
Jon Lester,191.2,31,3192,3.58,16.6945606694561,6.16774193548387
Zack Greinke,212.1,34,3383,3.38,15.950023573786,6.23823529411765
Bartolo Colon,222.2,33,3248,3.93,14.6174617461746,6.73333333333333
Marco Estrada,176,29,2843,4.35,16.1534090909091,6.06896551724138
Al Leiter,204.1,33,3415,3.88,16.7319941205292,6.18484848484848
Mat Latos,209.1,33,3271,3.82,15.6432329029173,6.33636363636364
Brad Radke,219.2,34,3340,4.04,15.2372262773723,6.44705882352941
Scott Kazmir,206.2,34,3609,3.59,17.5024248302619,6.06470588235294
Kenta Maeda,175.2,32,2930,3.69,16.7237442922374,5.475
Corey Kluber,222,32,3273,2.98,14.7432432432432,6.9375
Daniel Hudson,222,33,3436,3.77,15.4774774774775,6.72727272727273
Wandy Rodriguez,191,30,3145,3.8,16.4659685863874,6.36666666666667
Homer Bailey,209,32,3292,3.32,15.7511961722488,6.53125
Jorge De La Rosa,167.2,30,2774,4.37,16.5909090909091,5.57333333333333
David Price,224.1,34,3696,3.26,16.4926372155288,6.59117647058824
Mike Fiers,175.1,30,2946,3.84,16.8246716162193,5.83666666666667
Jimmy Nelson,175.1,29,2752,3.42,15.7167332952599,6.03793103448276
Joel Pineiro,214,32,2954,3.63,13.803738317757,6.6875
John Smoltz,232,35,3535,3.59,15.2370689655172,6.62857142857143
Ervin Santana,219,32,3428,3.32,15.6529680365297,6.84375
Max Scherzer,195.2,31,3297,3.66,16.890368852459,6.29677419354839
Jake Westbrook,203.1,30,2966,3.98,14.603643525357,6.77
Damian Moss,175,29,2841,5.12,16.2342857142857,6.03448275862069
Jon Garland,221,32,3314,4.35,14.9954751131222,6.90625
Dallas Braden,192.2,30,2850,4.35,14.8283038501561,6.40666666666667
Kyle Gibson,154,25,2512,4.2,16.3116883116883,6.16
Roy Oswalt,236,35,3574,3.78,15.1440677966102,6.74285714285714
Yovani Gallardo,192.1,32,3216,3.78,16.7412805830297,6.003125
Jose Quintana,200,33,3335,3.85,16.675,6.06060606060606
Mike Mussina,197.1,32,3038,3.62,15.4134956874683,6.159375
A.J. Burnett,202.1,31,3042,3.48,15.0519544779812,6.51935483870968
Tim Hudson,192,29,2890,4,15.0520833333333,6.62068965517241
Yovani Gallardo,207.1,33,3462,3.21,16.7165620473201,6.27575757575758
Jeff Locke,166.1,30,2715,4.47,16.3455749548465,5.53666666666667
Justin Masterson,189.1,29,2953,3.38,15.6160761501851,6.52068965517241
John Lackey,189.1,29,2873,3.48,15.193019566367,6.52068965517241
James Shields,227.2,33,3617,3.26,15.9198943661972,6.88484848484849
Hisashi Iwakuma,179,28,2542,2.94,14.2011173184358,6.39285714285714
Phil Hughes,209.2,32,3046,3.17,14.5602294455067,6.5375
Joel Pineiro,176.1,28,2801,4.14,15.9057353776263,6.28928571428571
Felix Hernandez,201.2,31,3040,3.38,15.1093439363817,6.49032258064516
Jake Arrieta,168.1,30,2743,4.15,16.3176680547293,5.60333333333333
Tim Hudson,188.2,27,2764,3.96,14.6865037194474,6.97037037037037
Jason Hammel,173.1,29,2765,3.55,15.9734257654535,5.96896551724138
Trevor Williams,130,24,2080,4.97,16,5.41666666666667
Joe Blanton,201.1,33,3071,4.67,15.2710094480358,6.09393939393939
Jacob deGrom,201.1,31,3168,3.44,15.7533565390353,6.48709677419355
Wily Peralta,198.2,32,3192,3.73,16.1049445005045,6.19375
Tom Glavine,211.1,33,3270,4.65,15.490288962577,6.3969696969697
Aaron Nola,168,27,2665,3.6,15.8630952380952,6.22222222222222
Roy Oswalt,208.2,32,3094,3.6,14.8607108549472,6.50625
Brandon Webb,229,33,3374,2.99,14.7336244541485,6.93939393939394
Jesse Litsch,173,28,2706,4.37,15.6416184971098,6.17857142857143
Scott Diamond,173,27,2520,4.11,14.5664739884393,6.40740740740741
Wei-Yin Chen,185.2,31,2977,3.85,16.0745140388769,5.9741935483871
Kyle Lohse,198.1,31,3002,4.04,15.1539626451287,6.39032258064516
Josh Collmenter,170.1,28,2595,4.16,15.2557319223986,6.075
Shaun Marcum,200.2,33,3181,3.9,15.8891108891109,6.06666666666667
Zack Wheeler,185.1,32,3308,3.54,17.8714208535927,5.784375
Scott Kazmir,190.1,32,2983,3.61,15.691741188848,5.940625
Sonny Gray,162.1,27,2664,4.08,16.4342998149291,6.0037037037037
Wade Miley,202.2,33,3239,3.96,16.0187932739862,6.12727272727273
Anibal Sanchez,195,32,3234,4.08,16.5846153846154,6.09375
John Lackey,217.2,33,3512,4.08,16.1694290976059,6.58181818181818
Matt Clement,205,32,3244,3.43,15.8243902439024,6.40625
Alexi Ogando,167,29,2690,3.94,16.1077844311377,5.75862068965517
James Shields,215,33,3131,3.8,14.5627906976744,6.51515151515152
Oliver Perez,177,29,3015,4.25,17.0338983050847,6.10344827586207
Clay Hensley,177,29,2724,4.69,15.3898305084746,6.10344827586207
Jaime Garcia,194.2,32,2986,3.43,15.3759011328527,6.06875
Tim Hudson,189.1,31,2784,3.66,14.7223691168694,6.1
Ryan Franklin,212,32,3174,5.19,14.9716981132075,6.625
Jeff Suppan,194.1,32,3032,4.54,15.6208140133952,6.065625
Aaron Harang,204.1,33,3394,4.18,16.6291033806957,6.18484848484848
Chad Billingsley,191.2,31,3134,3.7,16.3912133891213,6.16774193548387
Jameson Taillon,146,25,2263,3.9,15.5,5.84
Jhoulys Chacin,151,27,2371,4.56,15.7019867549669,5.59259259259259
Mark Buehrle,239,34,3512,4.32,14.6945606694561,7.02941176470588
Edinson Volquez,198.1,33,3261,4.35,16.4613831398284,6.0030303030303
Kip Wells,198.1,33,3088,4.07,15.5880868248359,6.0030303030303
Dallas Keuchel,160.2,26,2617,4.02,16.3358302122347,6.16153846153846
Jason Schmidt,213.1,32,3461,4.35,16.2412013139371,6.659375
Jered Weaver,213.1,34,3352,4.18,15.7297043641483,6.26764705882353
Armando Galarraga,175.2,28,2726,4.39,15.5593607305936,6.25714285714286
Mark Redman,190.2,29,3193,4.14,16.7875920084122,6.55862068965517
Brandon Webb,208,35,3441,4.3,16.5432692307692,5.94285714285714
Mark Buehrle,205.1,31,3146,4.37,15.3388590931253,6.61612903225806
CC Sabathia,197.2,30,3144,4.37,15.9432048681542,6.57333333333333
Wandy Rodriguez,195,32,3205,3.63,16.4358974358974,6.09375
Cole Hamels,220,33,3423,3.41,15.5590909090909,6.66666666666667
Livan Hernandez,255,35,3926,4.29,15.3960784313725,7.28571428571429
Tom Glavine,212.1,33,3396,4.76,16.011315417256,6.42727272727273
Dan Haren,187.1,32,2906,4.48,15.5318011758418,5.846875
Jeff Weaver,177.1,25,2745,4.11,15.4997176736307,7.084
Alex Wood,132.1,24,2115,3.89,16.0105980317941,5.50416666666667
Jose Contreras,204.2,32,3169,4.24,15.5190989226249,6.38125
Aaron Harang,179.2,31,3096,4.94,17.2767857142857,5.78064516129032
Kevin Gausman,179.2,30,3113,3.81,17.3716517857143,5.97333333333333
Derek Lowe,222,35,3321,3.4,14.9594594594595,6.34285714285714
Russ Ortiz,214.1,33,3599,4.76,16.809901914993,6.48787878787879
Kelvim Escobar,189.1,30,2913,4.1,15.404547858276,6.30333333333333
Ricky Nolasco,206.2,32,3180,3.53,15.4219204655674,6.44375
Francisco Liriano,191.2,31,3021,3.01,15.8002092050209,6.16774193548387
Edwin Jackson,214,33,3466,4.3,16.196261682243,6.48484848484848
Dillon Gee,199,32,2985,4.07,15,6.21875
Jhoulys Chacin,194,31,3139,4.07,16.180412371134,6.25806451612903
Tim Hudson,179,28,2623,4.21,14.6536312849162,6.39285714285714
Vicente Padilla,208.2,32,3166,4.38,15.2065321805956,6.50625
Ted Lilly,193.2,30,2908,3.81,15.0517598343685,6.44
Carlos Carrasco,183.2,30,2777,2.74,15.1582969432314,6.10666666666667
Ian Kennedy,201,33,3402,3.47,16.9253731343284,6.09090909090909
Mark Buehrle,201,30,3103,4.59,15.4378109452736,6.7
Zack Wheeler,146.1,24,2387,3.89,16.3381245722108,6.0875
Justin Verlander,186,30,2972,4.61,15.9784946236559,6.2
J.A. Happ,171,31,2824,3.85,16.5146198830409,5.51612903225807
Jeremy Guthrie,190.2,30,3063,4.54,16.1041009463722,6.34
Johnny Cueto,185.2,31,3117,4.1,16.8304535637149,5.9741935483871
Matt Garza,163.1,27,2538,4.02,15.5610055180871,6.04074074074074
Aaron Harang,170.2,28,2755,4.24,16.186839012926,6.07857142857143
Shaun Marcum,195.1,31,3043,3.6,15.5971296770887,6.29354838709677
Mark Mulder,205,32,3015,4.08,14.7073170731707,6.40625
Carlos Martinez,205,32,3132,3.85,15.2780487804878,6.40625
Brian Lawrence,205,31,3029,3.47,14.7756097560976,6.61290322580645
Chien-Ming Wang,217.1,33,3040,4.27,14.0027637033625,6.57878787878788
Matt Cain,200,32,3351,4.42,16.755,6.25
Ryan Dempster,200,31,3159,3.85,15.795,6.45161290322581
Cole Hamels,212.1,32,3343,3.45,15.7614332861858,6.628125
Garrett Richards,207.1,32,3250,3.94,15.6929019797199,6.471875
Bud Norris,165.1,28,2746,3.86,16.6323440339188,5.89642857142857
Jerad Eickhoff,197.1,33,3028,4.05,15.3627600202943,5.97272727272727
Tim Redding,175,32,2914,4.61,16.6514285714286,5.46875
Livan Hernandez,211.2,33,3247,4.77,15.374053030303,6.4
Paul Maholm,162.1,26,2456,4.21,15.1511412708205,6.23461538461538
Joe Kennedy,162.1,27,2507,4.58,15.4657618753856,6.0037037037037
Justin Verlander,201.2,32,3354,3.97,16.6699801192843,6.2875
Jordan Zimmermann,201.2,33,3103,3.83,15.4224652087475,6.0969696969697
Hector Santiago,177,32,3117,4.52,17.6101694915254,5.53125
Yovani Gallardo,204,33,3479,3.76,17.0539215686275,6.18181818181818
Ivan Nova,164.2,27,2548,4.27,15.5176613885505,6.08148148148148
Alex Cobb,179.1,29,2849,4.48,15.9073143495254,6.17586206896552
Kerry Wood,213.2,33,3386,3.81,15.8818011257036,6.46060606060606
Gil Meche,216,34,3579,4.23,16.5694444444444,6.35294117647059
Anibal Sanchez,196.1,32,3225,3.28,16.4456909739929,6.128125
Kevin Millwood,198.2,31,3273,4.76,16.5136226034309,6.39354838709677
Mark Prior,166.2,27,2827,3.25,17.0096269554753,6.15555555555556
Lance Lynn,169,29,2865,3.63,16.9526627218935,5.82758620689655
Homer Bailey,208,33,3334,3.92,16.0288461538462,6.3030303030303
Matt Clement,181,30,2995,3.71,16.5469613259669,6.03333333333333
Jair Jurrjens,188.1,31,3081,4.15,16.3795853269537,6.06774193548387
Ian Kennedy,195.2,33,3378,4.27,17.3053278688525,5.91515151515152
Mike Pelfrey,203,33,3389,4.58,16.6945812807882,6.15151515151515
James Paxton,139.1,24,2248,3.04,16.1610352264558,5.79583333333333
Derek Lowe,215,34,3254,3.56,15.1348837209302,6.32352941176471
Doug Fister,207.2,32,3338,3.42,16.1100386100386,6.475
Paul Maholm,188,31,2959,3.94,15.7393617021277,6.06451612903226
Jose Berrios,158.2,26,2484,3.79,15.7016434892541,6.08461538461538
Randy Wolf,212.1,33,3377,4.48,15.9217350306459,6.42727272727273
Javier Vazquez,192.2,32,3005,3.77,15.6347554630593,6.00625
Jake Odorizzi,187.2,33,3308,4.21,17.6709401709402,5.67272727272727
Jarred Cosart,180.1,30,2947,4.36,16.3631315935591,6.00333333333333
Brett Anderson,180.1,31,2716,3.46,15.0805108273182,5.80967741935484
Joe Saunders,212,33,3217,4.7,15.1745283018868,6.42424242424242
David Price,141.1,24,2194,3.84,15.5492558469171,5.87916666666667
Mike Leake,214.1,33,3215,3.51,15.0163475011677,6.48787878787879
Adam Wainwright,202,32,3175,4.55,15.7178217821782,6.3125
Chris Young,163,29,2696,5.29,16.5398773006135,5.62068965517241
Sean Manaea,155.2,26,2304,4.39,14.8453608247423,5.96923076923077
Chien-Ming Wang,199.1,30,2861,4.26,14.3696634856856,6.63666666666667
Mike Leake,192,30,2754,4.19,14.34375,6.4
Matt Garza,184.2,30,2947,4.43,15.9989142236699,6.14
John Lannan,184.2,33,2938,4.46,15.9500542888165,5.58181818181818
Jason Vargas,187,30,3003,4.14,16.0588235294118,6.23333333333333
Paul Maholm,206.1,31,3042,4.06,14.7598253275109,6.64838709677419
Chris Tillman,206.1,33,3477,3.88,16.8704512372635,6.24545454545455
Hiroki Kuroda,199,32,3097,3.64,15.5628140703518,6.21875
Josh Towers,208.2,33,2954,4.29,14.1882804995197,6.30909090909091
Todd Wellemeyer,191.2,32,3095,4.45,16.1872384937239,5.975
Jason Marquis,201.1,32,3325,4.17,16.5340626553953,6.284375
Jamie Moyer,196.1,33,3167,4.56,16.1499235084141,5.94242424242424
R.A. Dickey,215.2,34,3513,4.08,16.3243494423792,6.32941176470588
Jeremy Hellickson,189,32,2925,4.15,15.4761904761905,5.90625
Roy Halladay,225.1,31,3330,4.04,14.7934251443803,7.26129032258064
Rodrigo Lopez,181.2,28,2771,4.31,15.2924944812362,6.47142857142857
Colby Lewis,201,32,3301,3.56,16.4228855721393,6.28125
John Danks,213,32,3389,4.06,15.9107981220657,6.65625
Junior Guerra,130.2,24,2131,4.35,16.3671274961598,5.425
Jon Lester,140.1,25,2413,4.67,17.2234118486795,5.604
Brett Myers,215.1,34,3474,3.43,16.1506276150628,6.32647058823529
John Thomson,198.1,33,2935,4.22,14.8157496214033,6.0030303030303
Ricky Nolasco,198.1,33,3166,3.66,15.9818273599192,6.0030303030303
Chris Capuano,198.1,33,2976,4,15.022715800101,6.0030303030303
Mike Pelfrey,200.2,32,3323,4.6,16.5984015984016,6.25625
Gustavo Chacin,203,34,3245,4.75,15.9852216748768,5.97058823529412
David Wells,195.2,31,2805,4.26,14.3698770491803,6.29677419354839
Ricky Romero,210,32,3241,3.77,15.4333333333333,6.5625
Aaron Harang,231.2,34,3591,3.52,15.5320069204152,6.8
Jake Peavy,202.2,32,3225,4.11,15.9495548961424,6.31875
Jae Seo,183.1,31,2864,4.62,15.6417258328782,5.90645161290323
Hiroki Kuroda,183.1,31,2741,4.03,14.9699617695249,5.90645161290323
Tim Stauffer,185.2,31,3005,3.85,16.2257019438445,5.9741935483871
Yovani Gallardo,185.2,30,3202,3.83,17.2894168466523,6.17333333333333
Dan Haren,217,34,3373,3.79,15.5437788018433,6.38235294117647
Sean Newcomb,135,24,2369,4.61,17.5481481481481,5.625
Mark Buehrle,202.1,31,3061,4.36,15.1459673428996,6.51935483870968
Michael Pineda,171,28,2688,3.35,15.719298245614,6.10714285714286
Javier Vazquez,216.2,32,3465,3.42,16.0268270120259,6.75625
Andy Pettitte,185.1,30,2896,4.06,15.6455969746083,6.17
Max Scherzer,187.2,32,3278,3.07,17.5106837606838,5.85
Tommy Milone,190,31,3033,4.09,15.9631578947368,6.12903225806452
Bronson Arroyo,202,32,2958,4.26,14.6435643564356,6.3125
Scott Feldman,180.1,29,2964,4.33,16.4575235980011,6.21034482758621
Paul Byrd,204.1,31,2918,4.54,14.296913277805,6.58387096774194
Jason Hammel,170.2,31,2751,3.45,16.1633372502938,5.49032258064516
Carl Pavano,221,32,3139,4.03,14.2036199095023,6.90625
John Lackey,163.1,24,2426,3.81,14.8743102391171,6.79583333333333
A.J. Burnett,165.2,25,2649,3.49,16.0351089588378,6.608
Clayton Richard,201.2,33,3212,4.22,15.9642147117296,6.0969696969697
Sidney Ponson,216,31,3081,4.17,14.2638888888889,6.96774193548387
David Wells,206.1,31,3137,4.1,15.2207666181465,6.64838709677419
Jered Weaver,211,33,3401,4.25,16.1184834123223,6.39393939393939
Jon Lester,213.1,33,3559,3.9,16.7010793054904,6.45757575757576
Shelby Miller,182,31,2841,4.58,15.6098901098901,5.87096774193548
Erik Bedard,196.1,33,3299,3.99,16.8230494645589,5.94242424242424
Matt Morris,172.1,27,2502,3.98,14.5380592678675,6.37407407407407
Matt Cain,217.2,34,3606,4.37,16.6022099447514,6.38823529411765
Lucas Harrell,193.2,32,3188,4.15,16.5010351966874,6.0375
Ian Snell,208,32,3125,4.04,15.0240384615385,6.5
Roberto Hernandez,210.1,33,3304,4.31,15.7258448357925,6.36666666666667
Chris Tillman,172,30,2936,4.61,17.0697674418605,5.73333333333333
Ramon Ortiz,217.1,32,3270,4.1,15.0621833256564,6.784375
Carlos Zambrano,169.1,28,2843,4.24,16.8125369603785,6.03928571428571
John Danks,200.1,32,3210,4.39,16.0419790104948,6.253125
Esteban Loaiza,217,34,3341,3.79,15.3963133640553,6.38235294117647
Scott Kazmir,186,32,3297,4.35,17.7258064516129,5.8125
Bud Norris,186,31,3149,3.72,16.9301075268817,6
Jason Jennings,212,32,3284,4.85,15.4905660377359,6.625
Aaron Harang,233.1,35,3725,3.74,15.980265980266,6.66
Kyle Lohse,200,33,3174,4.35,15.87,6.06060606060606
Trevor Cahill,200,32,3172,3.84,15.86,6.25
Steve Trachsel,204.2,33,3325,4.93,16.28305582762,6.18787878787879
Noah Lowry,204.2,33,3546,4.09,17.3653281096964,6.18787878787879
Jason Vargas,192.2,31,3020,4.64,15.7127991675338,6.2
Jarrod Washburn,176,28,2727,4.76,15.4943181818182,6.28571428571429
Joel Pineiro,211.2,32,3494,4.37,16.5435606060606,6.6
Mark Buehrle,218.2,34,3389,4.12,15.5316223648029,6.41764705882353
Scott Feldman,183,31,3039,4.61,16.6065573770492,5.90322580645161
Dan Straily,183,31,2918,4.68,15.9453551912568,5.90322580645161
Cliff Lee,202,32,3097,4.23,15.3316831683168,6.3125
Bronson Arroyo,202,32,2873,4.08,14.2227722772277,6.3125
Kenny Rogers,202,33,3083,4.87,15.2623762376238,6.12121212121212
Randy Johnson,225.2,34,3426,3.26,15.2131438721137,6.62352941176471
Gio Gonzalez,175.2,31,2947,3.77,16.8207762557078,5.65161290322581
Wandy Rodriguez,203.2,33,3172,4.28,15.6102362204724,6.15757575757576
Rick Reed,187,32,2824,4.01,15.1016042780749,5.84375
Ian Kennedy,194,32,3170,3.97,16.340206185567,6.0625
Edwin Jackson,198.2,31,3224,4,16.2663975782038,6.39354838709677
Mark Buehrle,198.2,32,2829,4.71,14.2734611503532,6.19375
Matt Moore,177.1,31,3023,4.15,17.0694522868436,5.71290322580645
Jeff Samardzija,203.1,32,3190,4.13,15.7065484982767,6.346875
Josh Johnson,191.1,31,3145,3.93,16.4573521716379,6.16451612903226
Tom Koehler,191.1,32,2941,4.16,15.3898482469911,5.971875
Miguel Gonzalez,170,28,2697,4.33,15.8647058823529,6.07142857142857
Jeff Samardzija,174.2,28,2767,3.47,15.8840413318025,6.22142857142857
Freddy Garcia,210,31,3290,3.9,15.6666666666667,6.7741935483871
Russ Ortiz,212.1,34,3567,4.86,16.8175388967468,6.23823529411765
Derek Holland,127.1,24,2197,4.24,17.2856018882769,5.29583333333333
Brian Anderson,195.2,31,2949,4.87,15.1075819672131,6.29677419354839
John Lackey,198,31,3078,3.64,15.5454545454545,6.38709677419355
Tom Glavine,198,32,3266,4.55,16.4949494949495,6.1875
A.J. Griffin,200,32,3212,3.94,16.06,6.25
C.J. Wilson,202.1,34,3442,4.26,17.0311726867887,5.94411764705882
Michael Fulmer,164.2,25,2479,4.48,15.0974421437272,6.568
Ted Lilly,207,34,3240,4.07,15.6521739130435,6.08823529411765
Jeremy Guthrie,209.1,32,3326,4.49,15.9062649450024,6.534375
Aaron Harang,211.2,32,3413,3.92,16.1600378787879,6.6
Zack Greinke,171.2,28,2841,2.65,16.5946261682243,6.11428571428571
Charlie Morton,171.2,29,2736,4.15,15.981308411215,5.90344827586207
John Lackey,176.1,27,2753,3.93,15.6331629755821,6.52222222222222
Barry Zito,221,34,3665,5.09,16.5837104072398,6.5
Jason Hammel,166.2,30,2623,4.28,15.7821901323706,5.54
Mike Hampton,190,31,2976,4.64,15.6631578947368,6.12903225806452
Bruce Chen,192.1,32,3044,4.46,15.8459135866736,6.003125
Kyle Gibson,194.2,32,3235,4.12,16.6580844490216,6.06875
Gavin Floyd,206.1,33,3235,4.48,15.6962639495391,6.24545454545455
J.A. Happ,138.1,24,2386,3.61,17.2773352643012,5.75416666666667
Nate Robertson,208.2,32,3107,4.55,14.9231508165226,6.50625
Mark Buehrle,213.1,33,3213,4.62,15.0774284373534,6.45757575757576
Bronson Arroyo,220.1,33,3407,4.64,15.4793275783735,6.66969696969697
Doug Davis,222.2,35,3726,3.91,16.7686768676868,6.34857142857143
Yovani Gallardo,185,31,3203,3.46,17.3135135135135,5.96774193548387
Alex Wood,189.2,32,2909,4.17,15.3752642706131,5.9125
Kenny Rogers,210.2,33,3332,4.43,15.8515699333968,6.36969696969697
Ryan Dempster,215.1,34,3596,3.71,16.7178056717806,6.32647058823529
Woody Williams,220,33,3629,4.27,16.4954545454545,6.66666666666667
Roenis Elias,163.2,29,2661,3.96,16.3051470588235,5.62758620689655
Jeff Niemann,177.2,30,2843,4.46,16.0440180586907,5.90666666666667
James Shields,215,31,3177,3.58,14.7767441860465,6.93548387096774
Jason Vargas,217.1,33,3354,4.46,15.4491017964072,6.57878787878788
Josh Beckett,212.1,32,3367,3.4,15.8745874587459,6.628125
Yu Darvish,186.2,31,3054,3.71,16.4017185821697,6.00645161290323
Mike Leake,165.2,26,2511,3.73,15.1997578692494,6.35384615384615
Barry Zito,228.1,35,3804,4.37,16.6768960982025,6.51714285714286
Anibal Sanchez,195.2,31,3057,3.71,15.6608606557377,6.29677419354839
Scott Feldman,181.2,30,2993,4.03,16.5176600441501,6.04
Bartolo Colon,242,34,3523,4.24,14.5578512396694,7.11764705882353
Freddy Garcia,228,33,3395,4.1,14.890350877193,6.90909090909091
Dontrelle Willis,223.1,34,3615,4.55,16.2034961900493,6.56176470588235
Brian Bannister,165,27,2603,5.09,15.7757575757576,6.11111111111111
Darrell May,204.1,32,3150,4.97,15.4336109750123,6.378125
Bronson Arroyo,215.2,33,3257,4.54,15.1347583643123,6.52121212121212
John Lannan,206.1,33,3120,4.92,15.1382823871907,6.24545454545455
Tom Gorzelanny,201.2,32,3312,4.67,16.4612326043738,6.2875
Mark Buehrle,245.1,35,3689,4.01,15.0509995920033,7.00285714285714
Collin McHugh,203.2,32,3241,3.91,15.9498031496063,6.35
Jhoulys Chacin,180.1,32,2937,4.63,16.3076068850639,5.628125
Cory Lidle,191.2,30,2868,4.06,15,6.37333333333333
Pedro Martinez,217,33,3488,3.41,16.073732718894,6.57575757575758
Mike Leake,154.2,25,2284,4.43,14.8119325551232,6.168
Brad Penny,175.1,29,2784,3.97,15.8994860079954,6.03793103448276
Paul Byrd,228.1,33,3220,4.4,14.116615519509,6.91212121212121
Derek Lowe,198.1,32,3010,3.44,15.1943462897527,6.190625
Yu Darvish,191.1,29,3166,3.62,16.567242281528,6.58965517241379
Zach Davies,191.1,33,3089,4.72,16.1643118785976,5.79090909090909
R.A. Dickey,214.1,33,3264,4.76,15.2452125175152,6.48787878787879
Dan Haren,235,35,3749,3.44,15.9531914893617,6.71428571428571
John Lannan,182,31,2946,4.43,16.1868131868132,5.87096774193548
CC Sabathia,179.2,30,2910,4.35,16.2388392857143,5.97333333333333
Javier Vazquez,230.1,34,3558,3.79,15.4628422425033,6.76764705882353
Brett Myers,198,31,3216,3.76,16.2424242424242,6.38709677419355
Kevin Correia,198,33,3172,4.29,16.020202020202,6
John Maine,191,32,3270,4.09,17.1204188481675,5.96875
Marco Gonzales,142.2,24,2205,3.77,15.5063291139241,5.925
Carlos Zambrano,188.2,30,3018,4.52,16.0361317747078,6.27333333333333
Roger Clemens,211.2,33,3458,3.59,16.3731060606061,6.4
Randy Johnson,184,30,2900,3.54,15.7608695652174,6.13333333333333
Andy Ashby,181.2,30,2739,4.57,15.1158940397351,6.04
James Shields,202.1,33,3336,3.72,16.5066798614547,6.12424242424242
Kevin Appier,188.1,32,3177,4.48,16.88995215311,5.878125
Mike Leake,186,31,2779,4.15,14.9408602150538,6
Kelvim Escobar,163,26,2641,4.22,16.2024539877301,6.26923076923077
Ervin Santana,222.2,33,3561,4.25,16.026102610261,6.73333333333333
Ross Ohlendorf,176.2,29,2693,4.61,15.2837684449489,6.07586206896552
Rich Hill,195,32,3070,3.86,15.7435897435897,6.09375
Chase Anderson,135.1,25,2222,4.67,16.4470762398224,5.404
Felix Hernandez,190.1,30,3005,3.32,15.8074697527617,6.33666666666667
Matt Garza,204,32,3261,4.23,15.9852941176471,6.375
Lance McCullers Jr.,126,22,2083,3.67,16.531746031746,5.72727272727273
Kelvim Escobar,208.1,33,3431,3.97,16.4872657376261,6.30606060606061
Eric Stults,203.2,33,3234,4.21,15.9153543307087,6.15757575757576
Tanner Roark,153,25,2487,4.39,16.2549019607843,6.12
Adam Wainwright,198.2,32,3091,3.41,15.5953582240161,6.19375
Matt Garza,203,32,3421,3.98,16.8522167487685,6.34375
Ervin Santana,196,31,2987,3.63,15.2397959183673,6.32258064516129
Kyle Hendricks,180,32,2793,3.37,15.5166666666667,5.625
Chris Heston,177.2,31,2792,4.07,15.7562076749436,5.71612903225806
Joe Blanton,230,34,3481,4.17,15.1347826086957,6.76470588235294
Carlos Zambrano,216.1,34,3692,4.54,17.0846830171217,6.35588235294118
Derek Holland,198,32,3206,3.85,16.1919191919192,6.1875
Rick Porcello,170.2,31,2726,4.48,16.0164512338425,5.49032258064516
Greg Maddux,218.1,36,2935,3.88,13.4571297569922,6.05833333333333
Aaron Cook,211.1,32,3072,4.23,14.5523448602558,6.596875
Brett Tomko,193,31,3147,4.91,16.3056994818653,6.2258064516129
Zach Davies,163.1,28,2588,4.06,15.8675659104844,5.825
Jake Westbrook,174.2,28,2678,4.02,15.3731343283582,6.22142857142857
Ted Lilly,192.2,33,3028,3.86,15.7544224765869,5.82424242424242
Curt Schilling,204,31,3246,3.48,15.9117647058824,6.58064516129032
Lance Lynn,201.2,33,3351,3.68,16.655069582505,6.0969696969697
Jarrod Parker,197,32,2994,4.41,15.1979695431472,6.15625
Chad Billingsley,194.2,32,3203,4.04,16.4933058702369,6.06875
Brandon Finnegan,172,31,2884,4.92,16.7674418604651,5.54838709677419
Gil Meche,210.1,34,3555,4.01,16.9205140409329,6.17941176470588
Livan Hernandez,246.1,35,4009,4.69,16.2901259650549,7.03142857142857
Al Leiter,180.2,30,3246,4.85,18.0133185349612,6.00666666666667
Rich Harden,189.2,31,3154,4.23,16.6701902748414,6.10322580645161
Chris Capuano,219,35,3641,4.38,16.6255707762557,6.25714285714286
Ubaldo Jimenez,198.2,34,3350,4.31,16.9021190716448,5.82941176470588
David Price,230,35,3595,3.6,15.6304347826087,6.57142857142857
Clayton Richard,218.2,33,3166,4.3,14.5096241979835,6.61212121212121
Kevin Gausman,151,25,2456,4.17,16.2649006622517,6.04
Ryan Vogelsong,184.2,32,3058,3.98,16.6015200868621,5.75625
Derek Lowe,193.2,33,3166,3.65,16.3871635610766,5.85454545454545
Steve Trachsel,202.2,33,3348,5.12,16.5578635014837,6.12727272727273
Horacio Ramirez,182.1,29,2842,4.83,15.6068094453597,6.27931034482759
A.J. Burnett,220.1,34,3626,3.56,16.4743298500682,6.47352941176471
Matt Cain,184.1,30,2922,3.84,15.8718087995655,6.13666666666667
Bronson Arroyo,175.1,29,2744,4.11,15.671045117076,6.03793103448276
Cole Hamels,139.1,24,2267,3.99,16.2976276060388,5.79583333333333
Jeff Weaver,220,34,3427,4.48,15.5772727272727,6.47058823529412
Kevin Millwood,222,35,3487,4.17,15.7072072072072,6.34285714285714
Jon Garland,204,33,3255,4.76,15.9558823529412,6.18181818181818
Dan Haren,186,32,3096,3.74,16.6451612903226,5.8125
Wei-Yin Chen,192.2,32,3137,4.22,16.321540062435,6.00625
Andy Pettitte,208.1,33,3387,3.39,16.2758289283998,6.30606060606061
Ian Kennedy,208.1,33,3380,3.88,16.2421912542047,6.30606060606061
Dontrelle Willis,197,32,3126,4.37,15.8680203045685,6.15625
Greg Maddux,212.2,33,2924,3.69,13.7794533459001,6.43030303030303
Chris Archer,201.1,33,3409,3.5,16.9517652909001,6.09393939393939
Chris Capuano,221.1,34,3379,4.05,15.2826775214835,6.50294117647059
Nick Blackburn,205.2,33,3102,4.68,15.1169590643275,6.21818181818182
Josh Beckett,174.1,27,2688,3.21,15.4394026421597,6.44814814814815
CC Sabathia,196.2,31,3152,3.76,16.0652395514781,6.32903225806452
Barry Zito,192,33,3204,4.45,16.6875,5.81818181818182
Edwin Jackson,189.2,31,2968,3.82,15.6871035940803,6.10322580645161
Scott Olsen,180.2,31,2880,4.16,15.9822419533851,5.81290322580645
Kyle Hendricks,151.2,26,2391,4.06,15.8134920634921,5.81538461538462
Carlos Rodon,165,28,2795,3.91,16.9393939393939,5.89285714285714
Brad Radke,200.2,31,2936,4.12,14.6653346653347,6.45806451612903
Julio Teheran,200.2,33,3275,4.24,16.3586413586414,6.06666666666667
Jeremy Guthrie,211.2,33,3370,4.72,15.9564393939394,6.4
Jason Marquis,216,33,3247,4.61,15.0324074074074,6.54545454545455
A.J. Burnett,207,33,3462,4.18,16.7246376811594,6.27272727272727
Anthony DeSclafani,184.2,31,2913,4.08,15.814332247557,5.94193548387097
Mike Mussina,215.2,33,3353,3.55,15.5808550185874,6.52121212121212
Nick Blackburn,193.1,33,2884,4.6,14.9352667011911,5.85151515151515
Brandon McCarthy,200,32,3044,3,15.22,6.25
James McDonald,171,29,2787,4.19,16.2982456140351,5.89655172413793
Joe Blanton,195.1,31,3251,4,16.6632496155818,6.29354838709677
Brett Anderson,175.1,30,2816,3.6,16.082238720731,5.83666666666667
Zach Duke,213,32,3072,4.57,14.4225352112676,6.65625
Gavin Floyd,193,30,2981,3.83,15.4455958549223,6.43333333333333
Ted Lilly,197.1,32,3306,4.53,16.7732115677321,6.159375
Joe Saunders,174.2,28,2709,4.37,15.5510907003444,6.22142857142857
Wade Davis,168,29,2789,4.59,16.6011904761905,5.79310344827586
Chris Archer,201,34,3406,3.44,16.9452736318408,5.91176470588235
Yordano Ventura,163.1,28,2651,3.69,16.253832004905,5.825
Jeremy Bonderman,214,34,3285,3.66,15.3504672897196,6.29411764705882
Adam Eaton,183,31,3056,4.22,16.6994535519126,5.90322580645161
Gavin Floyd,187.1,31,3020,3.77,16.1411010154997,6.03548387096774
Matt Moore,198.1,33,3285,4.39,16.5825340737002,6.0030303030303
Dustin McGowan,169.2,27,2702,3.93,15.9692671394799,6.26666666666667
Ted Lilly,204.2,34,3240,3.92,15.8667972575906,6.00588235294118
Sidney Ponson,176,28,2774,4.28,15.7613636363636,6.28571428571429
Patrick Corbin,187,32,3043,4.11,16.2727272727273,5.84375
Andy Pettitte,213.1,34,3373,4.45,15.8282496480526,6.26764705882353
Bartolo Colon,202.1,31,3011,3.75,14.8985650667986,6.51935483870968
Jake Peavy,202.1,32,3354,3.53,16.5957446808511,6.315625
Jorge De La Rosa,184.1,32,3067,4.05,16.6594242259642,5.753125
Doug Fister,171,28,2700,4.25,15.7894736842105,6.10714285714286
Matt Clement,201.2,32,3148,3.87,15.6461232604374,6.2875
Ubaldo Jimenez,184,32,3060,3.93,16.6304347826087,5.75
Matt Morris,192.2,31,2875,4.01,14.9583766909469,6.2
Jimmy Nelson,177.1,30,2791,4.09,15.759457933371,5.90333333333333
Kendall Graveman,186,31,2832,4.57,15.2258064516129,6
Andrew Heaney,140,23,2139,3.89,15.2785714285714,6.08695652173913
Jake Peavy,194.2,32,3223,4.42,16.5962924819773,6.06875
Mike Minor,179.1,30,2863,4.19,15.9854829704076,5.97
Hisashi Iwakuma,199,33,2981,4.43,14.9798994974874,6.03030303030303
Doug Davis,203.1,34,3470,4.9,17.0851797144264,5.97352941176471
Dan Haren,223,34,3487,3.88,15.6367713004484,6.55882352941176
CC Sabathia,188,30,3105,4.57,16.5159574468085,6.26666666666667
Jimmy Haynes,196.2,34,3242,4.61,16.5239551478084,5.77058823529412
Roy Oswalt,181.1,30,2784,3.92,15.372722252899,6.03666666666667
Aaron Cook,166,25,2407,4.6,14.5,6.64
Jeff Suppan,190,32,3067,4.97,16.1421052631579,5.9375
Max Scherzer,170.1,30,3073,3.69,18.0658436213992,5.67
Brian Lawrence,203,34,3022,4.34,14.8866995073892,5.97058823529412
Jake Odorizzi,168,31,3028,3.66,18.0238095238095,5.41935483870968
Brad Penny,196.1,32,3056,4.21,15.583885772565,6.128125
Jason Marquis,205,32,3210,4.75,15.6585365853659,6.40625
Tim Wakefield,181,30,2788,4.78,15.4033149171271,6.03333333333333
Michael Wacha,165.2,30,2690,4.14,16.2832929782082,5.50666666666667
Barry Zito,198.1,33,3224,4.51,16.2746087834427,6.0030303030303
Jeremy Guthrie,202.2,32,3235,4.34,15.9990108803165,6.31875
Kris Benson,174.1,28,2739,4.64,15.7323377369328,6.21785714285714
Wade Miller,187.1,33,3123,4.13,16.6916087653661,5.66969696969697
Russ Ortiz,204.2,34,3469,5.2,16.9882468168462,6.00588235294118
Greg Maddux,198,34,2703,4.12,13.6515151515152,5.82352941176471
Bud Norris,174,30,2949,4.17,16.948275862069,5.8
James Shields,219.2,33,3328,3.98,15.1824817518248,6.64242424242424
Edinson Volquez,182.2,32,3221,4.44,17.6783754116356,5.69375
Ivan Nova,187,31,2677,4.45,14.3155080213904,6.03225806451613
Rick Porcello,158.2,26,2505,3.71,15.834386852086,6.08461538461538
Mark Buehrle,230.1,35,3498,4.7,15.2020860495437,6.57428571428571
Kyle Lohse,180.1,31,2974,4.59,16.5130483064964,5.80967741935484
Roberto Hernandez,162.2,29,2701,4.71,16.652281134402,5.59310344827586
Barry Zito,184.1,32,3068,4.96,16.664856056491,5.753125
Tom Koehler,184.1,31,2938,4.72,15.9587180879957,5.93870967741935
Jose Quintana,188.2,32,3176,3.8,16.8756641870351,5.88125
Chuck Finley,190.2,32,3130,3.75,16.4563617245005,5.94375
Tim Wakefield,225.1,33,3393,4.38,15.0733007552199,6.82121212121212
Tim Wakefield,199.1,33,3117,4.11,15.6554495228528,6.03333333333333
Ben Sheets,216.2,34,3515,3.9,16.2580943570768,6.35882352941176
Mark Buehrle,203.2,33,3299,4.13,16.2352362204724,6.15757575757576
Jason Vargas,179.2,32,2925,4.86,16.3225446428571,5.6
Trevor Cahill,207.2,34,3385,4.01,16.3368725868726,6.09411764705882
Jeff Francis,199,32,3179,4.92,15.9748743718593,6.21875
Tomo Ohka,199,34,2975,4.33,14.9497487437186,5.85294117647059
Braden Looper,199,33,3231,4.41,16.2361809045226,6.03030303030303
Andy Pettitte,194.2,32,3287,4.43,16.9258496395469,6.06875
Greg Smith,190.1,32,3093,5.33,16.2703840084166,5.940625
Jon Niese,173,29,2641,4.27,15.2658959537572,5.96551724137931
Jeff Suppan,188,31,3049,4.71,16.218085106383,6.06451612903226
Tomo Ohka,172.2,29,2725,4.82,15.8246225319396,5.93793103448276
Zack Greinke,220,33,3445,3.65,15.6590909090909,6.66666666666667
Randy Wolf,215.2,34,3575,4.72,16.6124535315985,6.32941176470588
Jake Westbrook,211.1,32,3272,4.09,15.4997631454287,6.596875
Jason Johnson,189.2,32,3237,4.85,17.1088794926004,5.9125
Woody Williams,189.2,31,3129,4.56,16.5380549682875,6.10322580645161
Kevin Correia,185.1,31,2921,4.5,15.7806591031875,5.97096774193548
Andy Pettitte,213.1,35,3473,4,16.2975129047396,6.08857142857143
Kyle Lohse,176.2,30,2847,4.69,16.1577752553916,5.87333333333333
Ismael Valdez,196,31,2959,4.66,15.0969387755102,6.32258064516129
Yovani Gallardo,180.2,31,3048,3.98,16.9145394006659,5.81290322580645
Phil Hughes,191.1,32,3219,4.02,16.8445839874411,5.971875
Brian Lawrence,210.2,33,3115,4.46,14.8192197906756,6.36969696969697
Carlos Silva,202,33,3057,4.71,15.1336633663366,6.12121212121212
Scott Olsen,201.2,33,3107,4.99,15.4423459244533,6.0969696969697
Jon Niese,173.2,30,2947,3.87,17.0150115473441,5.77333333333333
Matt Cain,188.2,31,3286,4.4,17.4601487778959,6.07096774193548
Greg Maddux,210,34,2802,4.19,13.3428571428571,6.17647058823529
Trevor Bauer,175.2,31,3139,3.81,17.9166666666667,5.65161290322581
Bartolo Colon,192.2,31,2682,4.05,13.9542143600416,6.2
Ivan Nova,137,24,2165,4.4,15.8029197080292,5.70833333333333
Jon Lieber,218.1,35,3127,3.87,14.3374598807886,6.23142857142857
R.A. Dickey,224.2,34,3505,4.1,15.6333630686887,6.59411764705882
James McDonald,171,31,2899,4.34,16.953216374269,5.51612903225807
David Wells,207.1,30,2935,4.35,14.1718976339932,6.90333333333333
Mark Redman,203,30,3173,4.63,15.6305418719212,6.76666666666667
Carlos Silva,203,33,2893,4.75,14.2512315270936,6.15151515151515
Brandon Claussen,166.2,29,2844,4.48,17.1119133574007,5.73103448275862
Chad Billingsley,188,32,3221,4.25,17.1329787234043,5.875
Aaron Harang,162.1,26,2668,3.87,16.4589759407773,6.23461538461538
Jeff Weaver,224,34,3374,3.97,15.0625,6.58823529411765
Jake Westbrook,202.2,33,3333,4.05,16.4836795252226,6.12727272727273
Jeff Francis,215.1,34,3485,4.2,16.2017666201767,6.32647058823529
Greg Maddux,194,33,2570,4.23,13.2474226804124,5.87878787878788
Oliver Perez,194,34,3366,4.57,17.3505154639175,5.70588235294118
Brett Cecil,172.2,28,2711,4.29,15.7433217189315,6.15
Bronson Arroyo,210.2,34,3432,4.48,16.3273073263559,6.18235294117647
Randy Wolf,200,33,3275,4.07,16.375,6.06060606060606
Victor Zambrano,178.2,28,2973,5.07,16.6835016835017,6.36428571428571
Aaron Cook,212.2,32,3115,4.49,14.679547596607,6.63125
Phil Hughes,174.1,29,2982,4.07,17.1280873061459,6.00344827586207
Jon Garland,208.1,32,3293,5.1,15.8241230177799,6.503125
Greg Maddux,225,35,3099,3.76,13.7733333333333,6.42857142857143
Julio Teheran,133.2,24,2152,4.67,16.1561561561562,5.55
Dylan Bundy,169.2,28,2819,4.45,16.660756501182,6.04285714285714
Josh Tomlin,165.1,26,2371,4.22,14.3609933373713,6.35
Doug Davis,192.2,33,3356,4.81,17.4609781477628,5.82424242424242
Jason Vargas,201,32,3250,4.43,16.1691542288557,6.28125
Dave Bush,207.1,32,2988,3.79,14.4278126508933,6.471875
Gerrit Cole,203,33,3298,3.97,16.2463054187192,6.15151515151515
Dan Straily,181.2,33,3085,4.43,17.0253863134658,5.49090909090909
Randy Wells,194.1,32,3086,4.08,15.8990211231324,6.065625
Mike Pelfrey,164.2,30,2663,4.59,16.2180267965895,5.47333333333333
R.A. Dickey,190,31,2924,4.9,15.3894736842105,6.12903225806452
Chris Young,164.2,31,2859,4.04,17.4116930572473,5.29677419354839
Matt Boyd,135,24,2233,4.33,16.5407407407407,5.625
Jeff Suppan,200.1,31,3142,4.49,15.7021489255372,6.45483870967742
Jose Contreras,196,30,3041,4.47,15.515306122449,6.53333333333333
Jamie Moyer,200,32,3263,4.86,16.315,6.25
Dave Bush,181,29,2680,4.6,14.8066298342541,6.24137931034483
Ian Kennedy,168.1,30,2911,3.61,17.3170731707317,5.60333333333333
Mark Buehrle,210.1,33,3306,4.7,15.7353641123275,6.36666666666667
Ervin Santana,204,33,3214,4.71,15.7549019607843,6.18181818181818
Mike Hampton,172.1,29,2731,4.82,15.8686809994189,5.93448275862069
Gavin Floyd,168,29,2758,4.14,16.4166666666667,5.79310344827586
Ryan Drese,203.1,33,3056,4.56,15.0467749876908,6.15454545454545
Eric Stults,176,32,2833,4.33,16.0965909090909,5.5
Carl Pavano,199,32,3023,4.27,15.1909547738693,6.21875
Carl Pavano,222,33,3383,4.29,15.2387387387387,6.72727272727273
Ricky Romero,178,29,2989,4.2,16.7921348314607,6.13793103448276
Jamie Moyer,211.1,33,3273,4.95,15.5045002368546,6.3969696969697
Randy Wolf,190.1,33,3172,4.17,16.6859547606523,5.76060606060606
Brian Matusz,175.2,32,3007,4.19,17.1632420091324,5.475
Jorge De La Rosa,184,32,3025,3.79,16.4402173913043,5.75
Ted Lilly,181.2,32,3184,4.5,17.5717439293598,5.6625
Miguel Batista,192,32,3247,4.92,16.9114583333333,6
Kris Benson,200.1,31,3159,4.52,15.7871064467766,6.45483870967742
Mike Maroth,217,33,3340,4.86,15.3917050691244,6.57575757575758
Cole Hamels,193.2,32,3116,3.66,16.128364389234,6.0375
Jarrod Washburn,193.2,32,3271,5.07,16.9306418219462,6.0375
Brad Radke,162.1,28,2478,4.81,15.2868599629858,5.78928571428571
Miguel Batista,176.2,29,2674,4.4,15.1759364358683,6.07586206896552
Jon Lieber,176.2,27,2545,4.08,14.4438138479001,6.52592592592593
Jered Weaver,176.2,30,3041,4.05,17.2587968217934,5.87333333333333
Dan Haren,176.2,30,2849,3.95,16.1691259931896,5.87333333333333
Tom Koehler,176.2,33,3089,4.85,17.5312145289444,5.33939393939394
John Danks,170.1,27,2753,3.8,16.1845972957084,6.3
Jon Lester,180.2,32,3131,4.07,17.3751387347392,5.63125
Wade Miley,201.1,33,3217,3.67,15.9970164097464,6.09393939393939
Andrew Cashner,184.2,31,3109,4,16.8783930510315,5.94193548387097
Collin McHugh,184.2,33,3159,4.02,17.1498371335505,5.58181818181818
Jeff Samardzija,213.2,33,3462,3.53,16.2382739212008,6.46060606060606
Dana Eveland,168,29,2684,4.64,15.9761904761905,5.79310344827586
Brad Penny,188.2,33,3222,4.18,17.1200850159405,5.7030303030303
Gavin Floyd,192.2,30,2980,3.67,15.5046826222685,6.40666666666667
Roger Clemens,180,29,3003,3.31,16.6833333333333,6.20689655172414
James Shields,163.1,26,2597,4.8,15.9227467811159,6.27307692307692
Trevor Bauer,173.2,28,2795,4.25,16.1374133949192,6.18571428571429
Josh Fogg,194.1,33,2953,4.61,15.2138073158166,5.88181818181818
John Lackey,215,33,3599,4.2,16.7395348837209,6.51515151515152
Paul Wilson,183.2,29,2875,4.74,15.693231441048,6.31724137931034
Jose Quintana,130,24,2195,4.62,16.8846153846154,5.41666666666667
Ted Lilly,177.1,31,2917,4.16,16.4709203839639,5.71290322580645
Scott Baker,200,33,3258,4.01,16.29,6.06060606060606
Marcus Stroman,204,32,3102,3.62,15.2058823529412,6.375
Edwin Jackson,181.1,31,3013,5.09,16.6372170071784,5.84193548387097
Wily Peralta,183.1,32,2987,4.32,16.3134898962316,5.721875
Tim Lincecum,197.2,32,3281,3.68,16.6379310344828,6.1625
CC Sabathia,210,33,3391,4.49,16.147619047619,6.36363636363636
Nathan Eovaldi,199.2,33,3198,3.91,16.0542168674699,6.03636363636364
Jeremy Guthrie,203.2,32,3236,4.5,15.9251968503937,6.35
Livan Hernandez,216,33,3476,4.41,16.0925925925926,6.54545454545455
Andy Sonnanstine,193.1,32,2922,4.27,15.1320559295702,6.034375
Tyson Ross,129.1,23,2188,4.51,16.9481022463207,5.61304347826087
Freddy Garcia,223.2,34,3610,3.84,16.173835125448,6.56470588235294
German Marquez,162,29,2661,4.27,16.4259259259259,5.58620689655172
Martin Perez,198.2,33,3078,5.11,15.5297679112008,6.00606060606061
Cliff Lee,200.2,33,3361,4.94,16.7882117882118,6.06666666666667
Jason Schmidt,172,29,3049,4.18,17.7267441860465,5.93103448275862
Daisuke Matsuzaka,204.2,32,3480,3.96,17.0421155729677,6.38125
Colby Lewis,200.1,32,3207,3.87,16.0269865067466,6.253125
Mike Mussina,179.2,30,2978,3.87,16.6183035714286,5.97333333333333
Johnny Cueto,171.1,30,2904,4.34,16.9725306838106,5.70333333333333
Jeff Niemann,173.1,29,2621,4.24,15.1415366839977,5.96896551724138
German Marquez,142.2,25,2356,3.78,16.5682137834037,5.688
Ricky Nolasco,197.2,32,3127,4.39,15.8569979716024,6.1625
Jeff Samardzija,207.2,32,3273,3.63,15.796332046332,6.475
Josh Tomlin,173,29,2599,4.25,15.0231213872832,5.96551724137931
Javier Vazquez,215.2,33,3322,3.43,15.4368029739777,6.52121212121212
Chad Gaudin,199.1,34,3293,4.66,16.5394274234053,5.85588235294118
Mark Mulder,225.2,33,3295,4.4,14.6314387211368,6.82424242424242
Hector Noesi,164.2,27,2587,4.38,15.7551766138855,6.08148148148148
Jarrod Washburn,207.1,32,3232,4.85,15.6059874456784,6.471875
Jason Marquis,166.2,28,2638,5.02,15.8724428399519,5.93571428571429
Jason Marquis,191,33,2998,4.97,15.696335078534,5.78787878787879
Brett Myers,193,32,3013,4.26,15.6113989637306,6.03125
Rick Porcello,172.2,29,2795,3.35,16.2311265969803,5.93793103448276
Max Scherzer,195,33,3344,3.62,17.1487179487179,5.90909090909091
Tony Armas Jr.,164.1,29,2723,4.37,16.5935405240707,5.65862068965517
Paul Maholm,194.2,31,3051,4.33,15.7106076210093,6.26451612903226
Ben Sheets,220.2,34,3357,3.95,15.2452316076294,6.47647058823529
Jason Hammel,168,30,2642,3.9,15.7261904761905,5.6
Tom Glavine,200.1,34,3341,5.27,16.6966516741629,5.88529411764706
Tyler Anderson,147.2,26,2366,4.2,16.0733695652174,5.66153846153846
David Wells,184,30,2775,3.89,15.0815217391304,6.13333333333333
Wade Davis,184,29,2952,4.82,16.0434782608696,6.3448275862069
Yordano Ventura,186,32,3048,4.71,16.3870967741935,5.8125
Brett Myers,214,33,3314,3.85,15.4859813084112,6.48484848484848
Wade Miley,193.2,32,3194,4.24,16.5320910973085,6.0375
R.A. Dickey,169.1,29,2731,4.8,16.1502069781195,5.83103448275862
Livan Hernandez,175.1,29,2688,4.46,15.3512278697887,6.03793103448276
Kyle Gibson,179.1,31,2800,4.18,15.6337241764377,5.77741935483871
Zack Godley,141,25,2399,4.09,17.0141843971631,5.64
Derek Lowe,203.1,33,3137,3.77,15.4455933037912,6.15454545454545
Joe Saunders,203.1,33,3315,4.67,16.3220088626292,6.15454545454545
Edwin Jackson,209.1,32,3358,3.83,16.0593017694883,6.534375
Zach Duke,215.1,34,3276,4.71,15.2301255230126,6.32647058823529
Ricky Nolasco,191,31,2972,4.31,15.5602094240838,6.16129032258065
Jon Garland,211,32,3331,4.73,15.7867298578199,6.59375
Barry Zito,213,34,3688,4.58,17.3145539906103,6.26470588235294
Mike Fiers,164.2,30,2711,4.25,16.510353227771,5.47333333333333
Tommy Hanson,174.2,31,2916,4.17,16.7393800229621,5.61935483870968
Drew Hutchison,184.2,32,3051,3.59,16.5635179153094,5.75625
Gil Meche,186.2,32,3297,4.56,17.7067669172932,5.81875
Nate Robertson,196.2,32,2931,4.37,14.9388379204893,6.13125
Horacio Ramirez,198.2,32,2974,4.99,15.0050454086781,6.19375
Jake Westbrook,210.2,34,3210,3.59,15.2711703139867,6.18235294117647
Jeff Locke,168.1,30,2780,4.18,16.5377751338489,5.60333333333333
Scott Baker,170.1,29,2673,3.72,15.7142857142857,5.86551724137931
Julio Teheran,188.1,32,3074,4.89,16.3423710792132,5.878125
Brett Tomko,204.1,32,3072,4.33,15.0514453699167,6.378125
Brad Radke,212.1,33,3130,4.31,14.7571900047148,6.42727272727273
Vicente Padilla,200,33,3283,4.38,16.415,6.06060606060606
Jose Urena,138,25,2233,4.18,16.1811594202899,5.52
Jon Garland,191.2,32,3034,4.87,15.8682008368201,5.975
Rick Helling,175.2,30,2794,4.42,15.9474885844749,5.84
C.J. Wilson,175.2,31,3108,4.23,17.7397260273973,5.65161290322581
Gio Gonzalez,133.2,25,2410,4.74,18.0930930930931,5.328
Freddy Garcia,201.1,33,3373,4.46,16.7727498756837,6.09393939393939
Jason Jennings,185.1,32,3023,4.33,16.3317125877904,5.784375
Odalis Perez,185.1,30,2853,3.59,15.4132901134522,6.17
Tom Glavine,183.1,32,2925,5.12,15.9748771163299,5.721875
Kevin Millwood,215,34,3306,4.18,15.3767441860465,6.32352941176471
Felix Hernandez,191,31,3061,3.48,16.0261780104712,6.16129032258065
Chris Capuano,185,31,2937,3.57,15.8756756756757,5.96774193548387
John Burkett,173,29,2698,4.16,15.5953757225434,5.96551724137931
Joe Kennedy,196.2,30,3107,4.72,15.8358817533129,6.54
Brett Tomko,184.2,30,2993,4.61,16.2486427795874,6.14
Cory Lidle,184.2,31,2793,3.84,15.1628664495114,5.94193548387097
Freddy Garcia,216.1,33,3317,4.55,15.349375289218,6.54848484848485
Jason Johnson,210,33,3002,4.54,14.2952380952381,6.36363636363636
Justin Verlander,206,32,3409,4.17,16.5485436893204,6.4375
Andy Pettitte,204,33,3274,3.8,16.0490196078431,6.18181818181818
Jake Odorizzi,130.2,26,2502,4.31,19.2165898617512,5.00769230769231
Brett Myers,190,30,3016,3.91,15.8736842105263,6.33333333333333
Dave Bush,174,31,2942,4.82,16.9080459770115,5.61290322580645
Dallas Keuchel,168,26,2670,3.77,15.8928571428571,6.46153846153846
Barry Zito,195.2,33,3394,4.96,17.3872950819672,5.91515151515152
Bronson Arroyo,201.1,32,3231,4.93,16.0666335156638,6.284375
John Lackey,169.2,30,2751,4.47,16.258865248227,5.64
Taijuan Walker,169.2,29,2630,3.69,15.5437352245863,5.83448275862069
Kenny Rogers,193.1,31,3077,4.52,15.9347488348006,6.22903225806452
Clay Buchholz,189.1,29,2900,4.46,15.3358011634056,6.52068965517241
Gio Gonzalez,177.1,32,3116,3.96,17.5945793337098,5.534375
Tanner Roark,175.1,30,3108,4.32,17.7498572244432,5.83666666666667
Matt Clement,191,32,3181,4.18,16.6544502617801,5.96875
Jeremy Bonderman,189,29,2855,3.94,15.1058201058201,6.51724137931035
Mike Leake,179,30,2714,4.08,15.1620111731844,5.96666666666667
Chris Volstad,175,30,2828,4.57,16.16,5.83333333333333
Trevor Bauer,175,30,2853,4.23,16.3028571428571,5.83333333333333
Jon Garland,192.2,33,3101,4.95,16.1342351716962,5.82424242424242
Wandy Rodriguez,182.2,31,3036,4.1,16.6630076838639,5.87741935483871
Paul Byrd,192.1,31,2836,4.9,14.7631441957314,6.19677419354839
Miguel Batista,206,33,3259,5,15.8203883495146,6.24242424242424
Gil Meche,186.1,32,3057,4.49,16.426652337453,5.815625
Mike Mussina,164.2,27,2603,3.92,15.8526187576127,6.08148148148148
A.J. Burnett,213.2,34,3472,4,16.2851782363977,6.27058823529412
Rick Porcello,176.1,31,2828,4.07,16.0590573537763,5.68064516129032
Joe Saunders,186,31,3009,4.86,16.1774193548387,6
Paul Byrd,180,30,2532,4.94,14.0666666666667,6
Adam Eaton,199.1,33,3258,4.22,16.3636363636364,6.03333333333333
Jon Gray,168,29,2793,3.72,16.625,5.79310344827586
Scott Elarton,181.2,31,2856,4.8,15.7615894039735,5.84516129032258
Kyle Lohse,201,33,3039,4.35,15.1194029850746,6.09090909090909
Kyle Kendrick,199,32,3102,4.45,15.5879396984925,6.21875
Jeff Suppan,206.2,34,3328,4.92,16.1396702230844,6.06470588235294
Jimmy Nelson,179.1,32,2984,4.92,16.6610831937465,5.596875
Adam Wainwright,198.2,33,3195,4.31,16.1200807265389,6.00606060606061
John Lackey,204,33,3288,4.32,16.1176470588235,6.18181818181818
Trevor Cahill,178.2,32,3006,5.11,16.8686868686869,5.56875
Matt Chico,167,31,2829,5.51,16.940119760479,5.38709677419355
Doug Fister,180.1,32,3000,4.97,16.6574125485841,5.628125
Ryan Dempster,168.2,29,2953,4.18,17.5564803804994,5.8
Josh Fogg,178.1,32,2793,5.21,15.6822010106682,5.565625
Paul Wilson,166.2,28,2591,4.72,15.589651022864,5.93571428571429
Rick Porcello,203.1,33,3383,4.28,16.656819300837,6.15454545454545
Josh Beckett,170.1,28,2630,4.23,15.461493239271,6.075
Bud Norris,168.1,29,2819,3.97,16.7697798929209,5.79655172413793
Orlando Hernandez,162.1,29,2847,3.97,17.5632325724861,5.58965517241379
Kyle Lohse,189.1,32,3004,4.76,15.8857747223691,5.909375
Colby Lewis,204.2,33,3180,4.43,15.5729676787463,6.18787878787879
Jake Westbrook,183.1,33,3057,4.21,16.6957946477335,5.54848484848485
Javier Vazquez,208.1,33,3376,3.66,16.2229697260932,6.30606060606061
Jarrod Washburn,187,31,3072,5.03,16.427807486631,6.03225806451613
Derek Lowe,194.2,34,3219,4.3,16.5756951596292,5.71176470588235
Nate Cornejo,194.2,32,2985,5.4,15.3707518022657,6.06875
Luis Perdomo,163.2,29,2558,4.45,15.6740196078431,5.62758620689655
Ricky Nolasco,206,33,3196,3.78,15.5145631067961,6.24242424242424
Rubby de la Rosa,188.2,32,3014,4.19,16.0148777895855,5.88125
Kevin Gausman,186.2,34,3357,4.41,18.0290010741139,5.47647058823529
Joe Blanton,190.1,30,2912,3.51,15.3182535507628,6.33666666666667
Jason Davis,165.1,27,2465,4.67,14.9303452453059,6.11481481481482
Garrett Stephenson,165.1,27,2626,5.26,15.9055118110236,6.11481481481482
Luke Hochevar,198,31,3118,4.16,15.7474747474747,6.38709677419355
Ubaldo Jimenez,188.1,32,3259,3.73,17.3258904837852,5.878125
Mike Leake,176.2,30,2659,3.92,15.0908059023837,5.87333333333333
Joe Blanton,197.2,33,3250,4.81,16.4807302231237,5.97575757575758
Dan Haren,168.2,30,2755,3.55,16.3793103448276,5.60666666666667
John Lackey,197.1,32,3189,4.37,16.179604261796,6.159375
Kyle Kendrick,182,30,2874,4.27,15.7912087912088,6.06666666666667
Hector Santiago,182,33,3172,5.07,17.4285714285714,5.51515151515152
Nick Pivetta,128.1,25,2211,3.21,17.2599531615925,5.124
Glendon Rusch,210.2,34,3619,4.33,17.2169362511893,6.18235294117647
Mike Pelfrey,193.1,33,3208,4.68,16.613153806318,5.85151515151515
John Thomson,181.2,30,2953,4.58,16.2969094922737,6.04
Kazuhisa Ishii,172,31,2801,5.88,16.2848837209302,5.54838709677419
John Danks,177.2,30,2918,4.63,16.4672686230248,5.90666666666667
Mark Redman,191,32,3118,5.15,16.3246073298429,5.96875
Brandon Morrow,179.1,30,3112,3.3,17.3757677275265,5.97
Derek Holland,171.2,27,2697,3.97,15.7535046728972,6.34074074074074
Reynaldo Lopez,143,25,2349,5.26,16.4265734265734,5.72
Matt Morris,202,32,3078,4.25,15.2376237623762,6.3125
Jaime Garcia,165.2,30,2498,4.01,15.1210653753027,5.50666666666667
Kirk Rueter,190.1,33,3286,5.49,17.2856391372962,5.76060606060606
CC Sabathia,167.1,29,2703,4.08,16.1759425493716,5.76206896551724
Vicente Padilla,171,29,2900,4.5,16.9590643274854,5.89655172413793
Mike Maroth,209,34,3252,4.47,15.5598086124402,6.14705882352941
Ryan Jensen,163.1,30,2649,4.9,16.2415695892091,5.43666666666667
John Danks,193.2,32,3298,4.64,17.0703933747412,6.0375
Joe Blanton,174.2,28,2725,3.91,15.6429391504018,6.22142857142857
Ian Snell,186,32,3035,4.2,16.3172043010753,5.8125
Masahiro Tanaka,178.1,30,2810,3.52,15.7776530039304,5.93666666666667
Eric Milton,201,34,3437,4.65,17.0995024875622,5.91176470588235
Rick Porcello,182,31,2860,4.13,15.7142857142857,5.87096774193548
Paul Maholm,176,30,2913,4.77,16.5511363636364,5.86666666666667
Jon Gray,134.1,23,2159,3.32,16.0999254287845,5.8304347826087
Jakob Junis,132.1,23,2160,4.09,16.3512490537472,5.74347826086957
Nate Robertson,177.2,30,2890,4.68,16.3092550790068,5.90666666666667
Tim Wakefield,189,31,2881,4.98,15.2433862433862,6.09677419354839
Kenny Rogers,211.2,35,3506,4.72,16.6003787878788,6.03428571428571
Bronson Arroyo,200,34,3436,4.15,17.18,5.88235294117647
Jeff D'Amico,175.1,29,2654,4.63,15.1570531125071,6.03793103448276
CC Sabathia,211,32,3336,3.88,15.8104265402844,6.59375
Justin Masterson,169.1,29,2935,3.93,17.3565937315198,5.83103448275862
Jeremy Guthrie,169.1,29,2740,4.82,16.2034299231224,5.83103448275862
Clayton Richard,197.1,32,3045,4.06,15.4490106544901,6.159375
Pedro Astacio,191.2,31,3003,4.07,15.7060669456067,6.16774193548387
Chad Bettis,186,32,3055,4.39,16.4247311827957,5.8125
Ryan Dempster,202.1,34,3515,3.78,17.3923800098961,5.94411764705882
Johnny Cueto,174,31,3036,4.11,17.448275862069,5.61290322580645
Jason Hammel,177.2,30,2837,3.77,16.010158013544,5.90666666666667
Kyle Kendrick,177.2,31,2778,4.85,15.6772009029345,5.71612903225806
Michael Pineda,175.2,32,3017,3.4,17.2203196347032,5.475
Zach Duke,185,31,2928,4.73,15.827027027027,5.96774193548387
Martin Perez,185,32,3097,5.04,16.7405405405405,5.78125
Jon Garland,216.2,33,3394,5.05,15.6984273820537,6.55151515151515
Kris Benson,183,30,2849,5.25,15.568306010929,6.1
Jeff Francis,183,31,2953,4.45,16.1366120218579,5.90322580645161
Jon Lester,205.1,33,3424,4.01,16.6942954656265,6.21515151515152
Cory Lidle,169.2,30,2756,4.3,16.2884160756501,5.64
Brian Lawrence,195.2,33,2942,4.54,15.0717213114754,5.91515151515152
Paul Wilson,193.2,30,3115,4.73,16.1231884057971,6.44
Livan Hernandez,216,34,3489,5.15,16.1527777777778,6.35294117647059
Justin Verlander,201,33,3528,4.49,17.5522388059701,6.09090909090909
Andrew Cashner,134,24,2287,5.12,17.0671641791045,5.58333333333333
Eric Milton,171,29,2704,4.05,15.812865497076,5.89655172413793
Joe Blanton,191.1,31,3116,5.01,16.305599162742,6.16451612903226
Mark Hendrickson,180,30,2819,4.92,15.6611111111111,6
Henderson Alvarez,187.1,31,2865,4.59,15.3126670229824,6.03548387096774
John Thomson,217,35,3334,4.17,15.3640552995392,6.2
Aaron Harang,172.1,29,2844,4.87,16.5252760023242,5.93448275862069
Luis Castillo,133.1,25,2237,3.94,16.8069120961683,5.324
Tim Hudson,218.1,35,3418,4.3,15.6717102246676,6.23142857142857
Drew Smyly,175.1,30,2893,4.16,16.521987435751,5.83666666666667
Paul Byrd,179,31,2859,4.99,15.9720670391061,5.7741935483871
Jeremy Bonderman,182.2,32,2891,4.03,15.8671789242591,5.69375
Miguel Batista,190,31,3132,5.22,16.4842105263158,6.12903225806452
Javier Vazquez,201,32,3279,3.87,16.3134328358209,6.28125
Brad Penny,173.1,30,2952,4.55,17.053726169844,5.77
Claudio Vargas,165.2,30,2838,4.56,17.1791767554479,5.50666666666667
Chris Volstad,165.2,29,2599,3.83,15.7324455205811,5.69655172413793
Aaron Harang,180.1,29,2992,4.15,16.6129927817879,6.21034482758621
Matt Morris,198.2,32,3037,4.84,15.3229061553986,6.19375
Braden Looper,174.2,30,2793,5.02,16.0332950631458,5.80666666666667
Mark Redman,178.1,30,2729,4.48,15.3228523301516,5.93666666666667
Jon Garland,196.2,32,3186,4.76,16.2385321100917,6.13125
Ryan Franklin,200.1,32,3208,5.18,16.031984007996,6.253125
Cory Lidle,211.1,34,3137,4.47,14.860255802937,6.20882352941177
Danny Duffy,143.1,25,2560,4.76,17.8895877009085,5.724
Rodrigo Lopez,209.1,35,3297,4.67,15.7675753228121,5.97428571428571
Robbie Ray,174.1,32,3176,3.59,18.2423894313613,5.440625
Javier Vazquez,198,32,3206,4.36,16.1919191919192,6.1875
Doug Davis,203.1,34,3486,4.86,17.1639586410635,5.97352941176471
Ian Kennedy,181.1,31,3089,4.09,17.0568746548868,5.84193548387097
Rick Porcello,172,28,2744,3.73,15.953488372093,6.14285714285714
Ricky Nolasco,181,33,3091,4.76,17.0773480662983,5.48484848484848
Boof Bonser,170,30,2749,4.42,16.1705882352941,5.66666666666667
Rick Porcello,162.2,27,2591,4.35,15.9741060419236,6.00740740740741
Jon Lieber,168,27,2495,4.35,14.8511904761905,6.22222222222222
Justin Masterson,206.1,34,3426,4.24,16.6229985443959,6.06176470588235
Livan Hernandez,204.1,33,3361,5.58,16.4674179323861,6.18484848484848
Tim Redding,182,33,3138,4.7,17.2417582417582,5.51515151515152
Tim Wakefield,185.1,30,2942,4.79,15.8941112911939,6.17
Jeff Samardzija,214,32,3339,4.18,15.6028037383178,6.6875
Jeff Suppan,177.2,31,2827,5.06,15.9537246049661,5.71612903225806
Josh Fogg,163,28,2605,4.96,15.9815950920245,5.82142857142857
Steve Trachsel,164.2,30,2816,5.73,17.1498172959805,5.47333333333333
Edwin Jackson,175.1,31,2932,3.97,16.7447173043975,5.64838709677419
Marco Estrada,186,33,3246,4.69,17.4516129032258,5.63636363636364
Matt Morris,207.2,33,3270,4.82,15.7818532818533,6.27878787878788
Mark Buehrle,204,32,3103,4.96,15.2107843137255,6.375
Chris Tillman,173,31,2943,4.69,17.0115606936416,5.58064516129032
Rodrigo Lopez,200,33,3087,4.65,15.435,6.06060606060606
Josh Fogg,163.2,29,2651,5.1,16.2438725490196,5.62758620689655
Randy Johnson,205,33,3259,4.09,15.8975609756098,6.21212121212121
Jeremy Bonderman,174.1,28,2725,3.9,15.6519241815049,6.21785714285714
Bartolo Colon,208.1,34,3403,4.46,16.3527150408457,6.12058823529412
Jamie Moyer,199.1,33,3148,4.69,15.8111501757911,6.03333333333333
Josh Beckett,204.2,33,3237,4.43,15.8521057786484,6.18787878787879
Paul Maholm,177.2,29,2644,4.37,14.920993227991,6.11034482758621
Brett Tomko,197.1,32,3178,4.54,16.1237950279046,6.159375
Ivan Nova,170.1,28,2691,3.91,15.8201058201058,6.075
Brad Bergesen,166.2,28,2583,4.78,15.5415162454874,5.93571428571429
Travis Wood,173.2,31,3045,4.41,17.580831408776,5.58709677419355
Mike Pelfrey,184.1,31,3158,4.62,17.1537208039109,5.93870967741935
Jeremy Guthrie,200,33,3359,5.04,16.795,6.06060606060606
Nate Robertson,190.2,32,2969,4.13,15.6098843322818,5.94375
Alfredo Simon,187,31,3059,4.88,16.3582887700535,6.03225806451613
Derek Lowe,187,34,3226,3.74,17.2513368983957,5.5
Jered Weaver,178,31,2835,5.44,15.9269662921348,5.74193548387097
Ricky Nolasco,185,31,3035,3.23,16.4054054054054,5.96774193548387
Woody Williams,186.2,31,3115,5.02,16.7293233082707,6.00645161290323
Bronson Arroyo,199,32,3106,4.57,15.608040201005,6.21875
Darren Oliver,177.2,32,2700,4.96,15.2370203160271,5.5375
Kevin Millwood,168.2,29,2710,4.27,16.1117717003567,5.8
Bruce Chen,191.2,34,3193,4.41,16.6997907949791,5.62352941176471
Alex Cobb,132.2,23,2107,4.54,15.9379727685325,5.74782608695652
Kip Wells,182,33,3106,4.9,17.0659340659341,5.51515151515152
Kevin Millwood,190.2,31,3210,4.48,16.8769716088328,6.13548387096774
Paul Maholm,185.1,32,3068,4.53,16.5748244192328,5.784375
Carl Pavano,199.1,33,3106,3.95,15.6002009040683,6.03333333333333
Clayton Richard,155,26,2312,4.48,14.9161290322581,5.96153846153846
Jason Jennings,181.1,32,3044,4.91,16.8083931529542,5.659375
Jason Johnson,196.2,33,3150,4.41,16.0550458715596,5.94545454545455
Elmer Dessens,166.2,30,2755,4.39,16.5764139590854,5.54
Barry Zito,180,32,3206,5.36,17.8111111111111,5.625
Ervin Santana,178,30,2859,4.42,16.061797752809,5.93333333333333
Ryan Franklin,186.2,30,2889,5.04,15.515574650913,6.20666666666667
Kevin Millwood,172.2,31,2953,4.59,17.1486643437863,5.55483870967742
A.J. Burnett,190,32,3217,3.89,16.9315789473684,5.9375
Ismael Valdez,167.1,31,2638,5.47,15.7869539198085,5.39032258064516
Esteban Loaiza,170.2,27,2838,4.91,16.6745005875441,6.3037037037037
Dontrelle Willis,205.1,35,3491,4.71,17.0209653827401,5.86
Tim Lincecum,186,33,3299,4.05,17.7365591397849,5.63636363636364
Colby Lewis,170.1,29,2802,4.22,16.4726631393298,5.86551724137931
Dan Wright,196.1,33,3148,4.43,16.0530341662417,5.94242424242424
Tanyon Sturtze,224,33,3579,4.88,15.9776785714286,6.78787878787879
Ramon Ortiz,180,32,3018,5.15,16.7666666666667,5.625
Jamie Moyer,199,33,3360,4.75,16.8844221105528,6.03030303030303
Dave Bush,183.1,31,2936,4.21,16.0349535772802,5.90645161290323
James Shields,202.1,33,3338,3.53,16.5165759524988,6.12424242424242
Braden Looper,194.2,34,3275,4.94,16.8640576725026,5.71176470588235
Jeremy Hellickson,171.2,31,2846,4.09,16.6238317757009,5.52258064516129
Roberto Hernandez,188.2,32,3021,4.17,16.0520722635494,5.88125
Daniel Cabrera,180,30,3020,5.33,16.7777777777778,6
A.J. Burnett,186.2,33,3118,4.35,16.7454350161117,5.64242424242424
Joe Saunders,183,32,3110,4.42,16.9945355191257,5.71875
John Burkett,172.2,30,2749,4.61,15.9639953542393,5.74
Jason Hammel,180.1,32,3029,4.65,16.8184342032204,5.628125
Sidney Ponson,215.2,33,3312,4.73,15.3903345724907,6.52121212121212
Brad Penny,181.2,31,2951,4.97,16.2858719646799,5.84516129032258
Matt Kinney,186.2,31,3106,4.55,16.6809881847476,6.00645161290323
Dylan Bundy,135.2,24,2175,4.01,16.0872781065089,5.63333333333333
Matt Belisle,177.2,30,2793,4.29,15.7618510158014,5.90666666666667
Jeff Suppan,208,33,3446,4.78,16.5673076923077,6.3030303030303
Danny Graves,162,26,2382,5.18,14.7037037037037,6.23076923076923
Clay Buchholz,170.1,28,2741,4.02,16.114050558495,6.075
Kyle Davies,183.2,32,3127,4.75,17.0687772925764,5.725
Ramon Ortiz,171.1,30,2637,4.69,15.4120397428404,5.70333333333333
Kyle Lohse,193,34,3315,5.04,17.1761658031088,5.67647058823529
Wade Miley,166,30,2732,4.21,16.4578313253012,5.53333333333333
Edinson Volquez,189.1,34,3232,4.72,17.0914859862507,5.56176470588235
Ryan Dempster,209,33,3348,4.56,16.0191387559809,6.33333333333333
Ubaldo Jimenez,176.2,31,3123,4.92,17.7241770715097,5.68387096774194
Derek Lowe,182.2,33,3070,4.24,16.8496158068057,5.52121212121212
Ian Snell,164.1,31,3005,4.82,18.3120048750762,5.29354838709677
Brandon Duckworth,161,29,2843,3.81,17.6583850931677,5.55172413793104
Cliff Lee,179,33,3171,4.46,17.7150837988827,5.42424242424242
Jeremy Hellickson,164,30,2618,5.37,15.9634146341463,5.46666666666667
Livan Hernandez,183.2,31,2977,5,16.25,5.90967741935484
Josh Fogg,172,31,2763,5.14,16.0639534883721,5.54838709677419
Jose Contreras,170.1,31,2993,4.52,17.5955320399765,5.48709677419355
Shane Reynolds,165.1,29,2640,4.81,15.9903089036947,5.69310344827586
Brett Myers,175,31,2805,4.59,16.0285714285714,5.64516129032258
Jeremy Bonderman,170,29,2723,4.54,16.0176470588235,5.86206896551724
Jason Jennings,201,33,3344,4.99,16.636815920398,6.09090909090909
Daniel Cabrera,204.1,34,3565,4.74,17.4669279764821,6.00294117647059
Sal Romano,126.1,24,2115,4.84,16.7724028548771,5.25416666666667
Ramon Ortiz,190.2,33,3135,5.15,16.4826498422713,5.76363636363636
Wayne Franklin,192,34,3200,5.42,16.6666666666667,5.64705882352941
Bartolo Colon,135.1,23,2064,4.91,15.2775721687639,5.87391304347826
Matt Moore,172.1,31,2857,4.87,16.6008134805346,5.55161290322581
Darrell May,186,31,3001,4.84,16.1344086021505,6
Joel Pineiro,189,30,2925,4.56,15.4761904761905,6.3
Steve Sparks,180.2,30,2949,4.82,16.3651498335183,6.00666666666667
Jeff Francis,183.2,33,3150,4.61,17.1943231441048,5.55151515151515
Kenny Rogers,173.2,30,2847,5.39,16.4376443418014,5.77333333333333
Mark Redman,167,29,2759,5.42,16.5209580838323,5.75862068965517
Mike Maroth,193.1,33,3124,4.84,16.1781460383221,5.85151515151515
Luke Hochevar,185.1,32,3007,4.28,16.2452728254997,5.784375
Edinson Volquez,169.1,32,2992,4.26,17.6936723832052,5.284375
Cory Lidle,192.2,31,2953,4.45,15.3642039542144,6.2
Felix Hernandez,130,24,2158,4.64,16.6,5.41666666666667
Jeff Weaver,172,31,2880,4.75,16.7441860465116,5.54838709677419
Brian Bannister,182.2,32,3145,4.76,17.2612513721186,5.69375
Ricky Romero,181,32,3084,5.05,17.0386740331492,5.65625
Jose Contreras,182,30,2909,4.86,15.9835164835165,6.06666666666667
Zack Greinke,183,33,3091,4.57,16.8907103825137,5.54545454545455
Scott Olsen,176.2,33,3060,4.93,17.366628830874,5.33939393939394
Shawn Estes,202,34,3371,5.23,16.6881188118812,5.94117647058824
James Shields,181.2,33,3133,5.12,17.2902869757174,5.49090909090909
Rodrigo Lopez,174.2,29,2809,4.5,16.1251435132032,6.00689655172414
Mark Hendrickson,178.1,31,2826,4.69,15.8674901740595,5.74516129032258
Jason Marquis,194.1,33,3080,5.42,15.8681092220505,5.88181818181818
Brandon Backe,166.2,31,2789,4.76,16.7809867629362,5.36129032258065
Livan Hernandez,180,31,2801,5.12,15.5611111111111,5.80645161290323
Lucas Giolito,137.2,25,2370,5.5,17.2740524781341,5.488
Carlos Silva,173.1,31,2595,5.1,14.9913344887348,5.58387096774194
Mike Hampton,178.2,30,3002,5.46,16.8462401795735,5.94
Eric Milton,186.1,34,3164,4.66,17.0016120365395,5.47352941176471
Jose Lima,168.2,32,2868,5.28,17.05112960761,5.25625
